name,districtId,createdAt,updatedAt
LARTEBIOKORSHIE,1,11/26/2022 13:16,11/26/2022 13:16
PIPEANA,1,11/26/2022 13:16,11/26/2022 13:16
Market Area,1,11/26/2022 13:16,11/26/2022 13:16
JT area,1,11/26/2022 13:16,11/26/2022 13:16
ABOSSEY OKAI,1,11/26/2022 13:16,11/26/2022 13:16
SHUKURA STATION,1,11/26/2022 13:16,11/26/2022 13:16
ZONGO JUNCTION,1,11/26/2022 13:16,11/26/2022 13:16
APPIAH DANQUAH,1,11/26/2022 13:16,11/26/2022 13:16
RADIO GOLD,1,11/26/2022 13:16,11/26/2022 13:16
SALVATION,1,11/26/2022 13:16,11/26/2022 13:16
Borla junction,1,11/26/2022 13:16,11/26/2022 13:16
BLACKSMITH,1,11/26/2022 13:16,11/26/2022 13:16
TANGASI LINE,1,11/26/2022 13:16,11/26/2022 13:16
AGOGO,1,11/26/2022 13:16,11/26/2022 13:16
SAKOA PRESS,1,11/26/2022 13:16,11/26/2022 13:16
NKRUMAH FLAT,1,11/26/2022 13:16,11/26/2022 13:16
SOKO,1,11/26/2022 13:16,11/26/2022 13:16
LABERO JUNCTION,1,11/26/2022 13:16,11/26/2022 13:16
Labero Area,1,11/26/2022 13:16,11/26/2022 13:16
Sabon Zongo,1,11/26/2022 13:16,11/26/2022 13:16
ZONGO,1,11/26/2022 13:16,11/26/2022 13:16
Adwenbu,1,11/26/2022 13:16,11/26/2022 13:16
APPIAH DANKWAH,1,11/26/2022 13:16,11/26/2022 13:16
ALHAJI KPEDZE,1,11/26/2022 13:16,11/26/2022 13:16
Community Hospital,1,11/26/2022 13:16,11/26/2022 13:16
HAPPY DAYS,1,11/26/2022 13:16,11/26/2022 13:16
IBE,1,11/26/2022 13:16,11/26/2022 13:16
BANKU JUNCTION,1,11/26/2022 13:16,11/26/2022 13:16
TOWN COUNCIL LINE,1,11/26/2022 13:16,11/26/2022 13:16
COMPOUND 9,1,11/26/2022 13:16,11/26/2022 13:16
BRIGADE,1,11/26/2022 13:16,11/26/2022 13:16
SHUKURA MARKET,1,11/26/2022 13:16,11/26/2022 13:16
ALHAJI KPEDZE AREA,1,11/26/2022 13:16,11/26/2022 13:16
LABERO JUNCTION AREA,1,11/26/2022 13:16,11/26/2022 13:16
PAA WILLIE,1,11/26/2022 13:16,11/26/2022 13:16
RUSSIA TAXI RANK,1,11/26/2022 13:16,11/26/2022 13:16
Shukura Taxi Rank,1,11/26/2022 13:16,11/26/2022 13:16
Fedikafuta,1,11/26/2022 13:16,11/26/2022 13:16
SAINT MARY'S,1,11/26/2022 13:16,11/26/2022 13:16
LARTEBIOKORSHIE 1 JUNIOR HIGH SCHOOL,1,11/26/2022 13:16,11/26/2022 13:16
JOB 600,1,11/26/2022 13:16,11/26/2022 13:16
BLACK SMITH,1,11/26/2022 13:16,11/26/2022 13:16
LABERO,1,11/26/2022 13:16,11/26/2022 13:16
FLAMINGO,1,11/26/2022 13:16,11/26/2022 13:16
AYIGBEY TOWN,1,11/26/2022 13:16,11/26/2022 13:16
TAXI RANK AREA,1,11/26/2022 13:16,11/26/2022 13:16
Pacific filling station,1,11/26/2022 13:16,11/26/2022 13:16
JT,1,11/26/2022 13:16,11/26/2022 13:16
COMMUNITY HOSPITAL AREA,1,11/26/2022 13:16,11/26/2022 13:16
Fedikafuka,1,11/26/2022 13:16,11/26/2022 13:16
KIDS ALLIANCE SCHOOL,1,11/26/2022 13:16,11/26/2022 13:16
NEW RUSSIA,1,11/26/2022 13:16,11/26/2022 13:16
TROTRO STATION,1,11/26/2022 13:16,11/26/2022 13:16
MANGO DOWN,1,11/26/2022 13:16,11/26/2022 13:16
555,1,11/26/2022 13:16,11/26/2022 13:16
BRIGADE QUARTERS,1,11/26/2022 13:16,11/26/2022 13:16
TOWN COUNCILS LINE,1,11/26/2022 13:16,11/26/2022 13:16
BOLA JUNCTION,1,11/26/2022 13:16,11/26/2022 13:16
AGOGO AREA,1,11/26/2022 13:16,11/26/2022 13:16
KASOA STATION,1,11/26/2022 13:16,11/26/2022 13:16
SAKOA AREA,1,11/26/2022 13:16,11/26/2022 13:16
SAKORA PRESS,1,11/26/2022 13:16,11/26/2022 13:16
KWASHIMAN STREET,1,11/26/2022 13:16,11/26/2022 13:16
KIDS ALLIANCE SCHOOL AREA,1,11/26/2022 13:16,11/26/2022 13:16
SHUKURA COMMUNITY HOSPITAL AREA,1,11/26/2022 13:16,11/26/2022 13:16
Taxi rank,1,11/26/2022 13:16,11/26/2022 13:16
I.B.E,1,11/26/2022 13:16,11/26/2022 13:16
St Mary's,1,11/26/2022 13:16,11/26/2022 13:16
Radio Gold Area,1,11/26/2022 13:16,11/26/2022 13:16
PRINTING PRESS,1,11/26/2022 13:16,11/26/2022 13:16
Kids Alliance Area,1,11/26/2022 13:16,11/26/2022 13:16
COMPOUND 1,1,11/26/2022 13:16,11/26/2022 13:16
JUMIA AREA,1,11/26/2022 13:16,11/26/2022 13:16
AWOSHIE,2,11/26/2022 13:16,11/26/2022 13:16
masalachi area,2,11/26/2022 13:16,11/26/2022 13:16
sakumo Street,2,11/26/2022 13:16,11/26/2022 13:16
Naa shika Street,2,11/26/2022 13:16,11/26/2022 13:16
darkuman west,2,11/26/2022 13:16,11/26/2022 13:16
nii Agbo boi street,2,11/26/2022 13:16,11/26/2022 13:16
market,2,11/26/2022 13:16,11/26/2022 13:16
Moore house area,2,11/26/2022 13:16,11/26/2022 13:16
enigye krom,2,11/26/2022 13:16,11/26/2022 13:16
Darkuman circle station,2,11/26/2022 13:16,11/26/2022 13:16
Adamame,2,11/26/2022 13:16,11/26/2022 13:16
Darkuman station,2,11/26/2022 13:16,11/26/2022 13:16
ALAFIA,2,11/26/2022 13:16,11/26/2022 13:16
kwashiman Station,2,11/26/2022 13:16,11/26/2022 13:16
Asa saving and loans,2,11/26/2022 13:16,11/26/2022 13:16
AWOSHIE BAAYARD,2,11/26/2022 13:16,11/26/2022 13:16
Adamaame,2,11/26/2022 13:16,11/26/2022 13:16
Aliu mahama road,2,11/26/2022 13:16,11/26/2022 13:16
tweneboa,2,11/26/2022 13:16,11/26/2022 13:16
odorkor down,2,11/26/2022 13:16,11/26/2022 13:16
kwashiman,2,11/26/2022 13:16,11/26/2022 13:16
Baayard,2,11/26/2022 13:16,11/26/2022 13:16
odorkor,2,11/26/2022 13:16,11/26/2022 13:16
happy kids lane,2,11/26/2022 13:16,11/26/2022 13:16
station lane,2,11/26/2022 13:16,11/26/2022 13:16
Owusu Kofi St,2,11/26/2022 13:16,11/26/2022 13:16
HANSONIC,2,11/26/2022 13:16,11/26/2022 13:16
owusu Kofi Street,2,11/26/2022 13:16,11/26/2022 13:16
OPPOSITE FACULTY GH,2,11/26/2022 13:16,11/26/2022 13:16
near power vision church,2,11/26/2022 13:16,11/26/2022 13:16
QUARTERS,2,11/26/2022 13:16,11/26/2022 13:16
kokompe,2,11/26/2022 13:16,11/26/2022 13:16
Otaten,2,11/26/2022 13:16,11/26/2022 13:16
DOBLO GONNO,2,11/26/2022 13:16,11/26/2022 13:16
Methodist,2,11/26/2022 13:16,11/26/2022 13:16
baah yard,2,11/26/2022 13:16,11/26/2022 13:16
waterworks,2,11/26/2022 13:16,11/26/2022 13:16
Afropa area,2,11/26/2022 13:16,11/26/2022 13:16
Circle Station,2,11/26/2022 13:16,11/26/2022 13:16
POLICE STATION STREET,2,11/26/2022 13:16,11/26/2022 13:16
DARKUMAN Alafia,2,11/26/2022 13:16,11/26/2022 13:16
APA Street,2,11/26/2022 13:16,11/26/2022 13:16
Boame Street,2,11/26/2022 13:16,11/26/2022 13:16
Afropa,2,11/26/2022 13:16,11/26/2022 13:16
Presbyterian Lane,2,11/26/2022 13:16,11/26/2022 13:16
Morri house,2,11/26/2022 13:16,11/26/2022 13:16
circle station down,2,11/26/2022 13:16,11/26/2022 13:16
circle station Area,2,11/26/2022 13:16,11/26/2022 13:16
BRISCO,2,11/26/2022 13:16,11/26/2022 13:16
Ablekuma North Municipal Area,2,11/26/2022 13:16,11/26/2022 13:16
NII Kojo Armah St.,2,11/26/2022 13:16,11/26/2022 13:16
komkompe,2,11/26/2022 13:16,11/26/2022 13:16
station,2,11/26/2022 13:16,11/26/2022 13:16
DARKUMAN junction,2,11/26/2022 13:16,11/26/2022 13:16
masalachi,2,11/26/2022 13:16,11/26/2022 13:16
gloryland,2,11/26/2022 13:16,11/26/2022 13:16
Attu Clinic area,2,11/26/2022 13:16,11/26/2022 13:16
Christ Ebenezer area,2,11/26/2022 13:16,11/26/2022 13:16
Methodist lane,2,11/26/2022 13:16,11/26/2022 13:16
Songor Ln.,2,11/26/2022 13:16,11/26/2022 13:16
mome link,2,11/26/2022 13:16,11/26/2022 13:16
Darkuman komkompe,2,11/26/2022 13:16,11/26/2022 13:16
mallam sulley street,2,11/26/2022 13:16,11/26/2022 13:16
DARKUMAN,2,11/26/2022 13:16,11/26/2022 13:16
sulley mallam st,2,11/26/2022 13:16,11/26/2022 13:16
keta lake,2,11/26/2022 13:16,11/26/2022 13:16
Darkuman-Pentecost,2,11/26/2022 13:16,11/26/2022 13:16
Darkuman palace Street,2,11/26/2022 13:16,11/26/2022 13:16
Darkuman Ave. Street,2,11/26/2022 13:16,11/26/2022 13:16
darkuman avenue,2,11/26/2022 13:16,11/26/2022 13:16
darkuman quaters,2,11/26/2022 13:16,11/26/2022 13:16
Tetue Ln.,2,11/26/2022 13:16,11/26/2022 13:16
Darkuman Avenue Street,2,11/26/2022 13:16,11/26/2022 13:16
tetue lane,2,11/26/2022 13:16,11/26/2022 13:16
kowanaso junction,2,11/26/2022 13:16,11/26/2022 13:16
Darkuman naa naashika street,2,11/26/2022 13:16,11/26/2022 13:16
Darkuman Ave.,2,11/26/2022 13:16,11/26/2022 13:16
Darkuman quarters,2,11/26/2022 13:16,11/26/2022 13:16
Mallam Issah Street,2,11/26/2022 13:16,11/26/2022 13:16
Malam Issah Street,2,11/26/2022 13:16,11/26/2022 13:16
Naa Shika St.,2,11/26/2022 13:16,11/26/2022 13:16
otostse koo Street,2,11/26/2022 13:16,11/26/2022 13:16
white Nile street,2,11/26/2022 13:16,11/26/2022 13:16
Black Nile street,2,11/26/2022 13:16,11/26/2022 13:16
black nice street,2,11/26/2022 13:16,11/26/2022 13:16
kwashie Ahiaku Street,2,11/26/2022 13:16,11/26/2022 13:16
Mangoase,2,11/26/2022 13:16,11/26/2022 13:16
opp. art com,2,11/26/2022 13:16,11/26/2022 13:16
busia junction,2,11/26/2022 13:16,11/26/2022 13:16
busia down,2,11/26/2022 13:16,11/26/2022 13:16
blue lagoon,2,11/26/2022 13:16,11/26/2022 13:16
kwasiebu,2,11/26/2022 13:16,11/26/2022 13:16
Amser filing station,2,11/26/2022 13:16,11/26/2022 13:16
DELA AREA,2,11/26/2022 13:16,11/26/2022 13:16
sakaman junction,2,11/26/2022 13:16,11/26/2022 13:16
Tantua school area,2,11/26/2022 13:16,11/26/2022 13:16
Amser filing station area,2,11/26/2022 13:16,11/26/2022 13:16
chabaa,2,11/26/2022 13:16,11/26/2022 13:16
DANSOMAN,2,11/26/2022 13:16,11/26/2022 13:16
Macclean lane,2,11/26/2022 13:16,11/26/2022 13:16
NII BOYE MACLEAN,2,11/26/2022 13:16,11/26/2022 13:16
Westley grammer,2,11/26/2022 13:16,11/26/2022 13:16
Asoredanho,2,11/26/2022 13:16,11/26/2022 13:16
quarters area,2,11/26/2022 13:16,11/26/2022 13:16
ablekuma north municipal office,2,11/26/2022 13:16,11/26/2022 13:16
Darkuman naa naashika street&p,2,11/26/2022 13:16,11/26/2022 13:16
Owusu Kofi Stre,2,11/26/2022 13:16,11/26/2022 13:16
kfc,2,11/26/2022 13:16,11/26/2022 13:16
kpogas area,2,11/26/2022 13:16,11/26/2022 13:16
mallam market,2,11/26/2022 13:16,11/26/2022 13:16
sakaman blue lagoon,2,11/26/2022 13:16,11/26/2022 13:16
Hongkong,2,11/26/2022 13:16,11/26/2022 13:16
accra station,2,11/26/2022 13:16,11/26/2022 13:16
Presbyterian Line,2,11/26/2022 13:16,11/26/2022 13:16
Presby lian,2,11/26/2022 13:16,11/26/2022 13:16
near the Rock School,2,11/26/2022 13:16,11/26/2022 13:16
keta lk,2,11/26/2022 13:16,11/26/2022 13:16
Darkuman naashika street,2,11/26/2022 13:16,11/26/2022 13:16
afropa down,2,11/26/2022 13:16,11/26/2022 13:16
BUSIA,2,11/26/2022 13:16,11/26/2022 13:16
Been tu,2,11/26/2022 13:16,11/26/2022 13:16
opp. St . Anthony sch,2,11/26/2022 13:16,11/26/2022 13:16
presby area,2,11/26/2022 13:16,11/26/2022 13:16
Near Accra Station,2,11/26/2022 13:16,11/26/2022 13:16
post office area,2,11/26/2022 13:16,11/26/2022 13:16
off town,2,11/26/2022 13:16,11/26/2022 13:16
Exhibition,3,11/26/2022 13:16,11/26/2022 13:16
Mass road,3,11/26/2022 13:16,11/26/2022 13:16
Gbegbeyise,3,11/26/2022 13:16,11/26/2022 13:16
Last stop,3,11/26/2022 13:16,11/26/2022 13:16
Agege last stop,3,11/26/2022 13:16,11/26/2022 13:16
Dansoman last stop,3,11/26/2022 13:16,11/26/2022 13:16
mpoase,3,11/26/2022 13:16,11/26/2022 13:16
Damba,3,11/26/2022 13:16,11/26/2022 13:16
Damba Street,3,11/26/2022 13:16,11/26/2022 13:16
market,3,11/26/2022 13:16,11/26/2022 13:16
karikari,3,11/26/2022 13:16,11/26/2022 13:16
Alijara,3,11/26/2022 13:16,11/26/2022 13:16
Gbegbeyesi,3,11/26/2022 13:16,11/26/2022 13:16
beach road,3,11/26/2022 13:16,11/26/2022 13:16
Dama,3,11/26/2022 13:16,11/26/2022 13:16
Night Market,3,11/26/2022 13:16,11/26/2022 13:16
Shiabu Station,3,11/26/2022 13:16,11/26/2022 13:16
205,3,11/26/2022 13:16,11/26/2022 13:16
Zone 6,3,11/26/2022 13:16,11/26/2022 13:16
Agege laststop,3,11/26/2022 13:16,11/26/2022 13:16
Atomic,3,11/26/2022 13:16,11/26/2022 13:16
Accountant General,3,11/26/2022 13:16,11/26/2022 13:16
Mampoase,3,11/26/2022 13:16,11/26/2022 13:16
Point 6,3,11/26/2022 13:16,11/26/2022 13:16
Kofi & Ama,3,11/26/2022 13:16,11/26/2022 13:16
Sahara Down.,3,11/26/2022 13:16,11/26/2022 13:16
OPETEKWEI,3,11/26/2022 13:16,11/26/2022 13:16
Mamponse,3,11/26/2022 13:16,11/26/2022 13:16
karikari/zone 6,3,11/26/2022 13:16,11/26/2022 13:16
Capital O2,3,11/26/2022 13:16,11/26/2022 13:16
Agege down,3,11/26/2022 13:16,11/26/2022 13:16
Shiabu-Agege Mamponse,3,11/26/2022 13:16,11/26/2022 13:16
Olidade,3,11/26/2022 13:16,11/26/2022 13:16
Ayigbe Town,3,11/26/2022 13:16,11/26/2022 13:16
Agege,3,11/26/2022 13:16,11/26/2022 13:16
Agege Mamponse,3,11/26/2022 13:16,11/26/2022 13:16
shiabu agege mamponse,3,11/26/2022 13:16,11/26/2022 13:16
FIRST STOP,3,11/26/2022 13:16,11/26/2022 13:16
Zone 6/Agege,3,11/26/2022 13:16,11/26/2022 13:16
ZODIAC,3,11/26/2022 13:16,11/26/2022 13:16
AKOKORFOTO,3,11/26/2022 13:16,11/26/2022 13:16
Star of Sea,3,11/26/2022 13:16,11/26/2022 13:16
Beach Road Drug store,3,11/26/2022 13:16,11/26/2022 13:16
Akorkofoto,3,11/26/2022 13:16,11/26/2022 13:16
karkari zone 6,3,11/26/2022 13:16,11/26/2022 13:16
Star of the sea,3,11/26/2022 13:16,11/26/2022 13:16
POLYCLINIC,3,11/26/2022 13:16,11/26/2022 13:16
Round about,3,11/26/2022 13:16,11/26/2022 13:16
Beach Road- Drug Store,3,11/26/2022 13:16,11/26/2022 13:16
beach road /drug store,3,11/26/2022 13:16,11/26/2022 13:16
beach road/drug store,3,11/26/2022 13:16,11/26/2022 13:16
DANSOMAN,3,11/26/2022 13:16,11/26/2022 13:16
Shiabu,3,11/26/2022 13:16,11/26/2022 13:16
Mansralor,3,11/26/2022 13:16,11/26/2022 13:16
Blue Gate,3,11/26/2022 13:16,11/26/2022 13:16
SHIABU 205,3,11/26/2022 13:16,11/26/2022 13:16
SSNIT FLAT,3,11/26/2022 13:16,11/26/2022 13:16
B. OPOKU,3,11/26/2022 13:16,11/26/2022 13:16
CHILDREN HOSPITAL,3,11/26/2022 13:16,11/26/2022 13:16
shiabu(alijara),3,11/26/2022 13:16,11/26/2022 13:16
Ali Jara,3,11/26/2022 13:16,11/26/2022 13:16
Gbegbeise,3,11/26/2022 13:16,11/26/2022 13:16
Ali,3,11/26/2022 13:16,11/26/2022 13:16
papaye,3,11/26/2022 13:16,11/26/2022 13:16
Last Stop/Gbegbeyise,3,11/26/2022 13:16,11/26/2022 13:16
mahogany close,3,11/26/2022 13:16,11/26/2022 13:16
Kofi and Ama,3,11/26/2022 13:16,11/26/2022 13:16
Fire service,3,11/26/2022 13:16,11/26/2022 13:16
Kofi Niiama,3,11/26/2022 13:16,11/26/2022 13:16
Seven Great,3,11/26/2022 13:16,11/26/2022 13:16
osofo Daazi,3,11/26/2022 13:16,11/26/2022 13:16
Datus,3,11/26/2022 13:16,11/26/2022 13:16
Exbition,3,11/26/2022 13:16,11/26/2022 13:16
Dansoman Market,3,11/26/2022 13:16,11/26/2022 13:16
kit kat,3,11/26/2022 13:16,11/26/2022 13:16
Yellow House,3,11/26/2022 13:16,11/26/2022 13:16
Gbebu,3,11/26/2022 13:16,11/26/2022 13:16
zone 6/ shiabu,3,11/26/2022 13:16,11/26/2022 13:16
EBENEZER DOWN,3,11/26/2022 13:16,11/26/2022 13:16
ABLEKUMA WEST MUNICIPAL ASSEMBLY,3,11/26/2022 13:16,11/26/2022 13:16
DANSOMAN BEACH ROAD,3,11/26/2022 13:16,11/26/2022 13:16
ROUNDABOUT,3,11/26/2022 13:16,11/26/2022 13:16
GLEFE,3,11/26/2022 13:16,11/26/2022 13:16
Russia Road,3,11/26/2022 13:16,11/26/2022 13:16
Dasoman last stop,3,11/26/2022 13:16,11/26/2022 13:16
shiabu night market,3,11/26/2022 13:16,11/26/2022 13:16
old police station,3,11/26/2022 13:16,11/26/2022 13:16
GBEGBEYISE BASIC SCHOOL,3,11/26/2022 13:16,11/26/2022 13:16
station,3,11/26/2022 13:16,11/26/2022 13:16
Mamponse zone 6,3,11/26/2022 13:16,11/26/2022 13:16
Roundabout keep fit,3,11/26/2022 13:16,11/26/2022 13:16
Sahara Down,3,11/26/2022 13:16,11/26/2022 13:16
Ssnit,3,11/26/2022 13:16,11/26/2022 13:16
Capiatl O2,3,11/26/2022 13:16,11/26/2022 13:16
Banboi,4,11/26/2022 13:16,11/26/2022 13:16
Ebenezer crescent,4,11/26/2022 13:16,11/26/2022 13:16
swanlake,4,11/26/2022 13:16,11/26/2022 13:16
Bubuashie,4,11/26/2022 13:16,11/26/2022 13:16
zongo lane,4,11/26/2022 13:16,11/26/2022 13:16
Kaneshie,4,11/26/2022 13:16,11/26/2022 13:16
Methodist left,4,11/26/2022 13:16,11/26/2022 13:16
Methodist,4,11/26/2022 13:16,11/26/2022 13:16
naa sakwa avenue,4,11/26/2022 13:16,11/26/2022 13:16
Eduardo Mohdlana RD,4,11/26/2022 13:16,11/26/2022 13:16
Alomo Junction,4,11/26/2022 13:16,11/26/2022 13:16
Lante Maami,4,11/26/2022 13:16,11/26/2022 13:16
Chorkor,4,11/26/2022 13:16,11/26/2022 13:16
STATION,4,11/26/2022 13:16,11/26/2022 13:16
New mamprobi,4,11/26/2022 13:16,11/26/2022 13:16
Makola,4,11/26/2022 13:16,11/26/2022 13:16
North Kaneshie,4,11/26/2022 13:16,11/26/2022 13:16
Awudome,4,11/26/2022 13:16,11/26/2022 13:16
Ante Aku,4,11/26/2022 13:16,11/26/2022 13:16
Aayalolo,4,11/26/2022 13:16,11/26/2022 13:16
South Industrial Area,4,11/26/2022 13:16,11/26/2022 13:16
NIC EAST-ANYAA,4,11/26/2022 13:16,11/26/2022 13:16
Orgle Road,4,11/26/2022 13:16,11/26/2022 13:16
LARTEBIOKORSHIE,4,11/26/2022 13:16,11/26/2022 13:16
Mamprobi,4,11/26/2022 13:16,11/26/2022 13:16
Santa Maria Last stop,4,11/26/2022 13:16,11/26/2022 13:16
Camara,4,11/26/2022 13:16,11/26/2022 13:16
ayalolo,4,11/26/2022 13:16,11/26/2022 13:16
Accra Acadamy,4,11/26/2022 13:16,11/26/2022 13:16
Korle Gonno,4,11/26/2022 13:16,11/26/2022 13:16
Aaylolo,4,11/26/2022 13:16,11/26/2022 13:16
London Market,4,11/26/2022 13:16,11/26/2022 13:16
ROUND ABOUT,4,11/26/2022 13:16,11/26/2022 13:16
TCL,4,11/26/2022 13:16,11/26/2022 13:16
Atico,4,11/26/2022 13:16,11/26/2022 13:16
Bishop Bowers,4,11/26/2022 13:16,11/26/2022 13:16
Kofi Okoo Road,4,11/26/2022 13:16,11/26/2022 13:16
Kofi Oku road,4,11/26/2022 13:16,11/26/2022 13:16
Ayidiki,4,11/26/2022 13:16,11/26/2022 13:16
RUSSIA - LOSSO PARK AREA,4,11/26/2022 13:16,11/26/2022 13:16
James Town,4,11/26/2022 13:16,11/26/2022 13:16
Kpetenkple,4,11/26/2022 13:16,11/26/2022 13:16
korle wuko,4,11/26/2022 13:16,11/26/2022 13:16
Peace Clinic,4,11/26/2022 13:16,11/26/2022 13:16
EBONY,4,11/26/2022 13:16,11/26/2022 13:16
Agbado,4,11/26/2022 13:16,11/26/2022 13:16
Sempe,4,11/26/2022 13:16,11/26/2022 13:16
Ameley Larye road,4,11/26/2022 13:16,11/26/2022 13:16
Kantamanto Kokompe,4,11/26/2022 13:16,11/26/2022 13:16
Mataheko,4,11/26/2022 13:16,11/26/2022 13:16
Swallaba,4,11/26/2022 13:16,11/26/2022 13:16
swallba,4,11/26/2022 13:16,11/26/2022 13:16
Ocquaye road,4,11/26/2022 13:16,11/26/2022 13:16
Mantse BOI Street,4,11/26/2022 13:16,11/26/2022 13:16
Quansah,4,11/26/2022 13:16,11/26/2022 13:16
Quasah,4,11/26/2022 13:16,11/26/2022 13:16
Soko,4,11/26/2022 13:16,11/26/2022 13:16
Zongo,4,11/26/2022 13:16,11/26/2022 13:16
Bruce road,4,11/26/2022 13:16,11/26/2022 13:16
Ayaalolo,4,11/26/2022 13:16,11/26/2022 13:16
Aayalolo road,4,11/26/2022 13:16,11/26/2022 13:16
Asere,4,11/26/2022 13:16,11/26/2022 13:16
gbese,4,11/26/2022 13:16,11/26/2022 13:16
Asene,4,11/26/2022 13:16,11/26/2022 13:16
Palledium,4,11/26/2022 13:16,11/26/2022 13:16
Alajo,4,11/26/2022 13:16,11/26/2022 13:16
Abossey Okai,4,11/26/2022 13:16,11/26/2022 13:16
ATCC,4,11/26/2022 13:16,11/26/2022 13:16
RUSSIA,4,11/26/2022 13:16,11/26/2022 13:16
White House,4,11/26/2022 13:16,11/26/2022 13:16
Adenunoo Road,4,11/26/2022 13:16,11/26/2022 13:16
parllidum,4,11/26/2022 13:16,11/26/2022 13:16
Hansen road,4,11/26/2022 13:16,11/26/2022 13:16
Hanson road,4,11/26/2022 13:16,11/26/2022 13:16
Korle Workor,4,11/26/2022 13:16,11/26/2022 13:16
Sukura,4,11/26/2022 13:16,11/26/2022 13:16
AAfio Larteley close,4,11/26/2022 13:16,11/26/2022 13:16
Official Town,4,11/26/2022 13:16,11/26/2022 13:16
Arena,4,11/26/2022 13:16,11/26/2022 13:16
POLO PARK,4,11/26/2022 13:16,11/26/2022 13:16
commercial bank,4,11/26/2022 13:16,11/26/2022 13:16
Adwenbu,4,11/26/2022 13:16,11/26/2022 13:16
Ebony down,4,11/26/2022 13:16,11/26/2022 13:16
Korle worko,4,11/26/2022 13:16,11/26/2022 13:16
Lapaz Station,4,11/26/2022 13:16,11/26/2022 13:16
KANESHIE WELFARE,4,11/26/2022 13:16,11/26/2022 13:16
Lapaz 6,4,11/26/2022 13:16,11/26/2022 13:16
Roman area,4,11/26/2022 13:16,11/26/2022 13:16
NKRUMAH FLAT,4,11/26/2022 13:16,11/26/2022 13:16
Roman,4,11/26/2022 13:16,11/26/2022 13:16
Odorna,4,11/26/2022 13:16,11/26/2022 13:16
New Quaters,4,11/26/2022 13:16,11/26/2022 13:16
Asylum Down,4,11/26/2022 13:16,11/26/2022 13:16
OSU,4,11/26/2022 13:16,11/26/2022 13:16
Adabraka official town,4,11/26/2022 13:16,11/26/2022 13:16
Adedenkpo,4,11/26/2022 13:16,11/26/2022 13:16
NEW RUSSIA,4,11/26/2022 13:16,11/26/2022 13:16
Adabraka,4,11/26/2022 13:16,11/26/2022 13:16
official street,4,11/26/2022 13:16,11/26/2022 13:16
Tudu,4,11/26/2022 13:16,11/26/2022 13:16
Asafoatse,4,11/26/2022 13:16,11/26/2022 13:16
No 1 Off Mango Lane,4,11/26/2022 13:16,11/26/2022 13:16
Galilee,4,11/26/2022 13:16,11/26/2022 13:16
Club Conner,4,11/26/2022 13:16,11/26/2022 13:16
club corner,4,11/26/2022 13:16,11/26/2022 13:16
Adedekpo,4,11/26/2022 13:16,11/26/2022 13:16
Labaro,4,11/26/2022 13:16,11/26/2022 13:16
Banana Inn,4,11/26/2022 13:16,11/26/2022 13:16
De-mod,4,11/26/2022 13:16,11/26/2022 13:16
Shukura,4,11/26/2022 13:16,11/26/2022 13:16
Attendant Oroko St,4,11/26/2022 13:16,11/26/2022 13:16
Adedeinkpo,4,11/26/2022 13:16,11/26/2022 13:16
Bubii,4,11/26/2022 13:16,11/26/2022 13:16
T junction,4,11/26/2022 13:16,11/26/2022 13:16
kotobi,4,11/26/2022 13:16,11/26/2022 13:16
kokomlemle,4,11/26/2022 13:16,11/26/2022 13:16
Star Oil Area,4,11/26/2022 13:16,11/26/2022 13:16
MATAHEKO Plazer,4,11/26/2022 13:16,11/26/2022 13:16
Shukura station,4,11/26/2022 13:16,11/26/2022 13:16
Girls School area,4,11/26/2022 13:16,11/26/2022 13:16
Children's hospital area,4,11/26/2022 13:16,11/26/2022 13:16
Korle Wonkor,4,11/26/2022 13:16,11/26/2022 13:16
NEW TOWN,4,11/26/2022 13:16,11/26/2022 13:16
A lomond Junction,4,11/26/2022 13:16,11/26/2022 13:16
Timber Market,4,11/26/2022 13:16,11/26/2022 13:16
palladum,4,11/26/2022 13:16,11/26/2022 13:16
Odawna,4,11/26/2022 13:16,11/26/2022 13:16
bishop,4,11/26/2022 13:16,11/26/2022 13:16
commercial bank area,4,11/26/2022 13:16,11/26/2022 13:16
commmercial bank area,4,11/26/2022 13:16,11/26/2022 13:16
North Industrial area,4,11/26/2022 13:16,11/26/2022 13:16
mojabiado,4,11/26/2022 13:16,11/26/2022 13:16
NIMA STATION,4,11/26/2022 13:16,11/26/2022 13:16
circle,4,11/26/2022 13:16,11/26/2022 13:16
Avenor,4,11/26/2022 13:16,11/26/2022 13:16
College Odonkor St,4,11/26/2022 13:16,11/26/2022 13:16
camara IBE,4,11/26/2022 13:16,11/26/2022 13:16
Camara I.B.E,4,11/26/2022 13:16,11/26/2022 13:16
Mamprobi sempe,4,11/26/2022 13:16,11/26/2022 13:16
KORLE-BU,4,11/26/2022 13:16,11/26/2022 13:16
Mamprobi police station,4,11/26/2022 13:16,11/26/2022 13:16
IBE,4,11/26/2022 13:16,11/26/2022 13:16
I BE,4,11/26/2022 13:16,11/26/2022 13:16
lBE,4,11/26/2022 13:16,11/26/2022 13:16
Circle railways,4,11/26/2022 13:16,11/26/2022 13:16
circle railway,4,11/26/2022 13:16,11/26/2022 13:16
Olabalm,4,11/26/2022 13:16,11/26/2022 13:16
Ayigbe Town,4,11/26/2022 13:16,11/26/2022 13:16
Agbado London Market,4,11/26/2022 13:16,11/26/2022 13:16
police station,4,11/26/2022 13:16,11/26/2022 13:16
korle Bu station,4,11/26/2022 13:16,11/26/2022 13:16
T Gardens,4,11/26/2022 13:16,11/26/2022 13:16
Rangers,4,11/26/2022 13:16,11/26/2022 13:16
Tea Garden,4,11/26/2022 13:16,11/26/2022 13:16
Extra O',4,11/26/2022 13:16,11/26/2022 13:16
Annalarbi,4,11/26/2022 13:16,11/26/2022 13:16
Adendentan,4,11/26/2022 13:16,11/26/2022 13:16
31st Junction,4,11/26/2022 13:16,11/26/2022 13:16
Arde Nkpa,4,11/26/2022 13:16,11/26/2022 13:16
Korle Bu,4,11/26/2022 13:16,11/26/2022 13:16
Extra O,4,11/26/2022 13:16,11/26/2022 13:16
Mantse Kwao,4,11/26/2022 13:16,11/26/2022 13:16
Tesano,4,11/26/2022 13:16,11/26/2022 13:16
Aborjwe,4,11/26/2022 13:16,11/26/2022 13:16
Abortwe,4,11/26/2022 13:16,11/26/2022 13:16
Agbogbloshie,4,11/26/2022 13:16,11/26/2022 13:16
Old Damsoman,4,11/26/2022 13:16,11/26/2022 13:16
Klue 6,4,11/26/2022 13:16,11/26/2022 13:16
Sackey Akumia,4,11/26/2022 13:16,11/26/2022 13:16
Mangoase,4,11/26/2022 13:16,11/26/2022 13:16
Lante Maamli,4,11/26/2022 13:16,11/26/2022 13:16
Tamakloe,4,11/26/2022 13:16,11/26/2022 13:16
Santana,4,11/26/2022 13:16,11/26/2022 13:16
okomfo Akuye,4,11/26/2022 13:16,11/26/2022 13:16
Chemua Na,4,11/26/2022 13:16,11/26/2022 13:16
obedro Emli,4,11/26/2022 13:16,11/26/2022 13:16
Presby,4,11/26/2022 13:16,11/26/2022 13:16
Chemua Naa,4,11/26/2022 13:16,11/26/2022 13:16
West Point,4,11/26/2022 13:16,11/26/2022 13:16
Shiami,4,11/26/2022 13:16,11/26/2022 13:16
Methodist down,4,11/26/2022 13:16,11/26/2022 13:16
Kill your light,4,11/26/2022 13:16,11/26/2022 13:16
bubuashie station,4,11/26/2022 13:16,11/26/2022 13:16
Analarbi,4,11/26/2022 13:16,11/26/2022 13:16
Alhaji,4,11/26/2022 13:16,11/26/2022 13:16
Bubiashie,4,11/26/2022 13:16,11/26/2022 13:16
Ojoee gorrmi,4,11/26/2022 13:16,11/26/2022 13:16
Nkuntunse,4,11/26/2022 13:16,11/26/2022 13:16
Ama Amissah,4,11/26/2022 13:16,11/26/2022 13:16
Amazing Amissah,4,11/26/2022 13:16,11/26/2022 13:16
Okomfo Akuyea,4,11/26/2022 13:16,11/26/2022 13:16
wetse kojo,4,11/26/2022 13:16,11/26/2022 13:16
Tuesday market,4,11/26/2022 13:16,11/26/2022 13:16
Awotse kojo,4,11/26/2022 13:16,11/26/2022 13:16
Dan Right,4,11/26/2022 13:16,11/26/2022 13:16
Shell,4,11/26/2022 13:16,11/26/2022 13:16
Lante Maame,4,11/26/2022 13:16,11/26/2022 13:16
Lanteman,4,11/26/2022 13:16,11/26/2022 13:16
Tuesday Market Street,4,11/26/2022 13:16,11/26/2022 13:16
Chemunaa,4,11/26/2022 13:16,11/26/2022 13:16
Chemuena,4,11/26/2022 13:16,11/26/2022 13:16
block factory,4,11/26/2022 13:16,11/26/2022 13:16
Chorkor Chemuena,4,11/26/2022 13:16,11/26/2022 13:16
Chemu Naa,4,11/26/2022 13:16,11/26/2022 13:16
Kantamanto,4,11/26/2022 13:16,11/26/2022 13:16
Abeka,4,11/26/2022 13:16,11/26/2022 13:16
Mudor,4,11/26/2022 13:16,11/26/2022 13:16
GALILEA,4,11/26/2022 13:16,11/26/2022 13:16
old fadama,4,11/26/2022 13:16,11/26/2022 13:16
Sahara,4,11/26/2022 13:16,11/26/2022 13:16
Kokompe,4,11/26/2022 13:16,11/26/2022 13:16
31st,4,11/26/2022 13:16,11/26/2022 13:16
OLD DANSOMAN,4,11/26/2022 13:16,11/26/2022 13:16
MANGOASIE,4,11/26/2022 13:16,11/26/2022 13:16
Railways,4,11/26/2022 13:16,11/26/2022 13:16
Railway,4,11/26/2022 13:16,11/26/2022 13:16
avenoe,4,11/26/2022 13:16,11/26/2022 13:16
Adekpo,4,11/26/2022 13:16,11/26/2022 13:16
Barba,4,11/26/2022 13:16,11/26/2022 13:16
Market,4,11/26/2022 13:16,11/26/2022 13:16
MOKOLA,4,11/26/2022 13:16,11/26/2022 13:16
SOUTH INDUSTRIegL AREA,4,11/26/2022 13:16,11/26/2022 13:16
Sadisco,4,11/26/2022 13:16,11/26/2022 13:16
NORTH INDUSTRIAL ARuEA,4,11/26/2022 13:16,11/26/2022 13:16
SWAN LAKE,4,11/26/2022 13:16,11/26/2022 13:16
KOTOBABI,4,11/26/2022 13:16,11/26/2022 13:16
carprice,4,11/26/2022 13:16,11/26/2022 13:16
mallam atta market,4,11/26/2022 13:16,11/26/2022 13:16
kotobabi down,4,11/26/2022 13:16,11/26/2022 13:16
Pigfarm total,4,11/26/2022 13:16,11/26/2022 13:16
AWUDOME ESTATE,4,11/26/2022 13:16,11/26/2022 13:16
GONTIEN,4,11/26/2022 13:16,11/26/2022 13:16
Bubuashi,4,11/26/2022 13:16,11/26/2022 13:16
chemu,4,11/26/2022 13:16,11/26/2022 13:16
zone of lane,4,11/26/2022 13:16,11/26/2022 13:16
North America,4,11/26/2022 13:16,11/26/2022 13:16
CHORKOR CHEMUNAA,4,11/26/2022 13:16,11/26/2022 13:16
Makola number 2,4,11/26/2022 13:16,11/26/2022 13:16
Adepko,4,11/26/2022 13:16,11/26/2022 13:16
Adenkpo,4,11/26/2022 13:16,11/26/2022 13:16
Adenkpor,4,11/26/2022 13:16,11/26/2022 13:16
Barbar,4,11/26/2022 13:16,11/26/2022 13:16
NULL,4,11/26/2022 13:16,11/26/2022 13:16
Cirle,4,11/26/2022 13:16,11/26/2022 13:16
Chorkor Alhaji,4,11/26/2022 13:16,11/26/2022 13:16
korle wonkon,4,11/26/2022 13:16,11/26/2022 13:16
Ngleshie,4,11/26/2022 13:16,11/26/2022 13:16
Zoti,4,11/26/2022 13:16,11/26/2022 13:16
Korle bu sempe,4,11/26/2022 13:16,11/26/2022 13:16
KOLE GONO,4,11/26/2022 13:16,11/26/2022 13:16
ocauaye road,4,11/26/2022 13:16,11/26/2022 13:16
AWUDOME KANESHIE,4,11/26/2022 13:16,11/26/2022 13:16
Zablama - Line,4,11/26/2022 13:16,11/26/2022 13:16
Mabrouk,4,11/26/2022 13:16,11/26/2022 13:16
college,4,11/26/2022 13:16,11/26/2022 13:16
ATTC,4,11/26/2022 13:16,11/26/2022 13:16
RUSSIA- NEW RUSSIA,4,11/26/2022 13:16,11/26/2022 13:16
Orgle Road Bubuashie,4,11/26/2022 13:16,11/26/2022 13:16
ZONGO NKRUMAH FLAT,4,11/26/2022 13:16,11/26/2022 13:16
Taifa,8,11/26/2022 13:16,11/26/2022 13:16
MARKET SQUARE,8,11/26/2022 13:16,11/26/2022 13:16
ADAKORDZE,8,11/26/2022 13:16,11/26/2022 13:16
valco flat,8,11/26/2022 13:16,11/26/2022 13:16
OFFICIAL TOWN,8,11/26/2022 13:16,11/26/2022 13:16
newtown,8,11/26/2022 13:16,11/26/2022 13:16
Roman Down,8,11/26/2022 13:16,11/26/2022 13:16
Asensu,8,11/26/2022 13:16,11/26/2022 13:16
Mexico,8,11/26/2022 13:16,11/26/2022 13:16
BUKUM,8,11/26/2022 13:16,11/26/2022 13:16
Lebanon Zone 2,8,11/26/2022 13:16,11/26/2022 13:16
Fitter line,8,11/26/2022 13:16,11/26/2022 13:16
Tulaku,8,11/26/2022 13:16,11/26/2022 13:16
Mali Estate,8,11/26/2022 13:16,11/26/2022 13:16
ZONGO,8,11/26/2022 13:16,11/26/2022 13:16
valco valco flat,8,11/26/2022 13:16,11/26/2022 13:16
NEW TOWN,8,11/26/2022 13:16,11/26/2022 13:16
Middle East,8,11/26/2022 13:16,11/26/2022 13:16
Abodusei,8,11/26/2022 13:16,11/26/2022 13:16
Newton,8,11/26/2022 13:16,11/26/2022 13:16
Old Quarters,8,11/26/2022 13:16,11/26/2022 13:16
LEBANON Zone,8,11/26/2022 13:16,11/26/2022 13:16
Old T.D.C Quarters,8,11/26/2022 13:16,11/26/2022 13:16
TAIFA _BORLAGAGI,8,11/26/2022 13:16,11/26/2022 13:16
Sense Freetown,8,11/26/2022 13:16,11/26/2022 13:16
Tsinaiagber,8,11/26/2022 13:16,11/26/2022 13:16
TABOLINE,8,11/26/2022 13:16,11/26/2022 13:16
MARKET,8,11/26/2022 13:16,11/26/2022 13:16
zongo Laka,8,11/26/2022 13:16,11/26/2022 13:16
lebanon,8,11/26/2022 13:16,11/26/2022 13:16
Jericho,8,11/26/2022 13:16,11/26/2022 13:16
NIGHT MARKET,8,11/26/2022 13:16,11/26/2022 13:16
OBAAKATSE,8,11/26/2022 13:16,11/26/2022 13:16
AKWEI ALLAH,8,11/26/2022 13:16,11/26/2022 13:16
MONICA LANE,8,11/26/2022 13:16,11/26/2022 13:16
Mantseman Lebanon z2,8,11/26/2022 13:16,11/26/2022 13:16
Mantseman Jericho,8,11/26/2022 13:16,11/26/2022 13:16
AGBEKO GBETI KOPE,8,11/26/2022 13:16,11/26/2022 13:16
LABANON,8,11/26/2022 13:16,11/26/2022 13:16
lebanon zone 5,8,11/26/2022 13:16,11/26/2022 13:16
Tsinaiagbe,8,11/26/2022 13:16,11/26/2022 13:16
Gbemi,8,11/26/2022 13:16,11/26/2022 13:16
gbemi zonal council,8,11/26/2022 13:16,11/26/2022 13:16
Mantseman,8,11/26/2022 13:16,11/26/2022 13:16
Mamomo,8,11/26/2022 13:16,11/26/2022 13:16
Mantseman Zonal Council,8,11/26/2022 13:16,11/26/2022 13:16
Adakordzi,8,11/26/2022 13:16,11/26/2022 13:16
Malian Estate,8,11/26/2022 13:16,11/26/2022 13:16
Sikafo-nbatem,8,11/26/2022 13:16,11/26/2022 13:16
TSINAI-AGBER,8,11/26/2022 13:16,11/26/2022 13:16
Lebanon Zone 4,8,11/26/2022 13:16,11/26/2022 13:16
Tsinai Agber,8,11/26/2022 13:16,11/26/2022 13:16
lebanon zone 1,8,11/26/2022 13:16,11/26/2022 13:16
Low cost houses,8,11/26/2022 13:16,11/26/2022 13:16
Mexico lane,8,11/26/2022 13:16,11/26/2022 13:16
Abdwese,8,11/26/2022 13:16,11/26/2022 13:16
FREE TOWN,8,11/26/2022 13:16,11/26/2022 13:16
New Quaters,8,11/26/2022 13:16,11/26/2022 13:16
T.D.C Old Quarters,8,11/26/2022 13:16,11/26/2022 13:16
Sikafoapatem,8,11/26/2022 13:16,11/26/2022 13:16
ZONGO lake,8,11/26/2022 13:16,11/26/2022 13:16
lebanon 5,8,11/26/2022 13:16,11/26/2022 13:16
Lebanon zone 3,8,11/26/2022 13:16,11/26/2022 13:16
Mamomo Night Market,8,11/26/2022 13:16,11/26/2022 13:16
railways,9,11/26/2022 13:16,11/26/2022 13:16
kaneshie station,9,11/26/2022 13:16,11/26/2022 13:16
NORTH ALAJO,9,11/26/2022 13:16,11/26/2022 13:16
Ebony Down,9,11/26/2022 13:16,11/26/2022 13:16
Awuku Darko,9,11/26/2022 13:16,11/26/2022 13:16
KOKOMLEMLE,9,11/26/2022 13:16,11/26/2022 13:16
Quet Mosque,9,11/26/2022 13:16,11/26/2022 13:16
carprice,9,11/26/2022 13:16,11/26/2022 13:16
AYIDIKI DOWN,9,11/26/2022 13:16,11/26/2022 13:16
Nkasah Djan,9,11/26/2022 13:16,11/26/2022 13:16
Pigfarm,9,11/26/2022 13:16,11/26/2022 13:16
Ayidiki,9,11/26/2022 13:16,11/26/2022 13:16
Kotobabi,9,11/26/2022 13:16,11/26/2022 13:16
Alajo T junctio,9,11/26/2022 13:16,11/26/2022 13:16
Alajo Rofi pharmacy,9,11/26/2022 13:16,11/26/2022 13:16
Alajo polo junction,9,11/26/2022 13:16,11/26/2022 13:16
Kotobabi Down,9,11/26/2022 13:16,11/26/2022 13:16
polo junction,9,11/26/2022 13:16,11/26/2022 13:16
police Station,9,11/26/2022 13:16,11/26/2022 13:16
Taxi Rank,9,11/26/2022 13:16,11/26/2022 13:16
Mecerful hotel,9,11/26/2022 13:16,11/26/2022 13:16
Abede Street,9,11/26/2022 13:16,11/26/2022 13:16
Old Prempeh Hotel,9,11/26/2022 13:16,11/26/2022 13:16
MOGYABIEDOM,9,11/26/2022 13:16,11/26/2022 13:16
Global Evangelical church,9,11/26/2022 13:16,11/26/2022 13:16
ATTC,9,11/26/2022 13:16,11/26/2022 13:16
Alajo IC quaye,9,11/26/2022 13:16,11/26/2022 13:16
AC Quaye,9,11/26/2022 13:16,11/26/2022 13:16
kokomlele,9,11/26/2022 13:16,11/26/2022 13:16
Deng,9,11/26/2022 13:16,11/26/2022 13:16
Wembley park,9,11/26/2022 13:16,11/26/2022 13:16
near movie house,9,11/26/2022 13:16,11/26/2022 13:16
Agbajina,9,11/26/2022 13:16,11/26/2022 13:16
Racodown,9,11/26/2022 13:16,11/26/2022 13:16
Euobaa Cl,9,11/26/2022 13:16,11/26/2022 13:16
Pigfarm Euobaa link,9,11/26/2022 13:16,11/26/2022 13:16
Boligitanga,9,11/26/2022 13:16,11/26/2022 13:16
polo street,9,11/26/2022 13:16,11/26/2022 13:16
House party,9,11/26/2022 13:16,11/26/2022 13:16
sam cinema,9,11/26/2022 13:16,11/26/2022 13:16
down,9,11/26/2022 13:16,11/26/2022 13:16
Atta Nii park,9,11/26/2022 13:16,11/26/2022 13:16
Wembley down,9,11/26/2022 13:16,11/26/2022 13:16
Gaza street,9,11/26/2022 13:16,11/26/2022 13:16
near the big drain,9,11/26/2022 13:16,11/26/2022 13:16
Black Star street,9,11/26/2022 13:16,11/26/2022 13:16
close to global church,9,11/26/2022 13:16,11/26/2022 13:16
T-junction,9,11/26/2022 13:16,11/26/2022 13:16
T junction,9,11/26/2022 13:16,11/26/2022 13:16
post office,9,11/26/2022 13:16,11/26/2022 13:16
SDA,9,11/26/2022 13:16,11/26/2022 13:16
Nana Owusu lane,9,11/26/2022 13:16,11/26/2022 13:16
Kadir English St,9,11/26/2022 13:16,11/26/2022 13:16
OPINTINSE ST,9,11/26/2022 13:16,11/26/2022 13:16
Muhammed Issaka st,9,11/26/2022 13:16,11/26/2022 13:16
HP,9,11/26/2022 13:16,11/26/2022 13:16
kaneshie station down,9,11/26/2022 13:16,11/26/2022 13:16
Abedi Pele st,9,11/26/2022 13:16,11/26/2022 13:16
modest,9,11/26/2022 13:16,11/26/2022 13:16
Wembley,9,11/26/2022 13:16,11/26/2022 13:16
alajo road,9,11/26/2022 13:16,11/26/2022 13:16
polo park,9,11/26/2022 13:16,11/26/2022 13:16
pork house,9,11/26/2022 13:16,11/26/2022 13:16
Total filling station,9,11/26/2022 13:16,11/26/2022 13:16
ALAJO central,9,11/26/2022 13:16,11/26/2022 13:16
MALLAM Atta,9,11/26/2022 13:16,11/26/2022 13:16
Nsawam station,9,11/26/2022 13:16,11/26/2022 13:16
Railway,9,11/26/2022 13:16,11/26/2022 13:16
plantpool,9,11/26/2022 13:16,11/26/2022 13:16
KOKOMLEMLE EAST,9,11/26/2022 13:16,11/26/2022 13:16
KOKOMLEMLE WEST,9,11/26/2022 13:16,11/26/2022 13:16
paper house,9,11/26/2022 13:16,11/26/2022 13:16
Tobinco,9,11/26/2022 13:16,11/26/2022 13:16
Kawokudi,11,11/26/2022 13:16,11/26/2022 13:16
ACCRA GIRLS,11,11/26/2022 13:16,11/26/2022 13:16
CONCA,11,11/26/2022 13:16,11/26/2022 13:16
ON THE WAY,11,11/26/2022 13:16,11/26/2022 13:16
Hanging There,11,11/26/2022 13:16,11/26/2022 13:16
PIG FARM,11,11/26/2022 13:16,11/26/2022 13:16
KAWUKUDI,11,11/26/2022 13:16,11/26/2022 13:16
Mamobi,11,11/26/2022 13:16,11/26/2022 13:16
MAAMOBI,11,11/26/2022 13:16,11/26/2022 13:16
DZORWULU,12,11/26/2022 13:16,11/26/2022 13:16
VILLAGE INN,12,11/26/2022 13:16,11/26/2022 13:16
UPS,12,11/26/2022 13:16,11/26/2022 13:16
CHRISTIAN CENTRE,12,11/26/2022 13:16,11/26/2022 13:16
EAST LEGON OKPONGLO,12,11/26/2022 13:16,11/26/2022 13:16
SHIASHIE,12,11/26/2022 13:16,11/26/2022 13:16
Apostle Revelation Society,12,11/26/2022 13:16,11/26/2022 13:16
MINI MART,12,11/26/2022 13:16,11/26/2022 13:16
ANTIE AKU,13,11/26/2022 13:16,11/26/2022 13:16
video junction,13,11/26/2022 13:16,11/26/2022 13:16
A-LANG BEHIND ODORGONO SCHOOL,13,11/26/2022 13:16,11/26/2022 13:16
A-LANG,13,11/26/2022 13:16,11/26/2022 13:16
A lang,13,11/26/2022 13:16,11/26/2022 13:16
Blue Kiosk,13,11/26/2022 13:16,11/26/2022 13:16
Osekua Down,13,11/26/2022 13:16,11/26/2022 13:16
ANYAA,13,11/26/2022 13:16,11/26/2022 13:16
EDUGYAMFI,13,11/26/2022 13:16,11/26/2022 13:16
NSUNFA,13,11/26/2022 13:16,11/26/2022 13:16
A - LANG,13,11/26/2022 13:16,11/26/2022 13:16
NIC EAST-ANYAA,13,11/26/2022 13:16,11/26/2022 13:16
Antieku,13,11/26/2022 13:16,11/26/2022 13:16
ANTE AKU,13,11/26/2022 13:16,11/26/2022 13:16
blue kiosk- talley aikins street,13,11/26/2022 13:16,11/26/2022 13:16
blue kiosk- john lamptey close,13,11/26/2022 13:16,11/26/2022 13:16
Race Course,13,11/26/2022 13:16,11/26/2022 13:16
Jah Love,13,11/26/2022 13:16,11/26/2022 13:16
Family and Friends,13,11/26/2022 13:16,11/26/2022 13:16
AWOSHIE A LANG,13,11/26/2022 13:16,11/26/2022 13:16
Onyinase Lane 10,13,11/26/2022 13:16,11/26/2022 13:16
Jar Love,13,11/26/2022 13:16,11/26/2022 13:16
Pentecost,13,11/26/2022 13:16,11/26/2022 13:16
KWASHIEBU,13,11/26/2022 13:16,11/26/2022 13:16
Agape,13,11/26/2022 13:16,11/26/2022 13:16
ABLEKUMA,13,11/26/2022 13:16,11/26/2022 13:16
SANTA MARIA,13,11/26/2022 13:16,11/26/2022 13:16
Veritax Football Park Area,13,11/26/2022 13:16,11/26/2022 13:16
Odorgonno School,13,11/26/2022 13:16,11/26/2022 13:16
Racecourse,13,11/26/2022 13:16,11/26/2022 13:16
Veritas football Park area,13,11/26/2022 13:16,11/26/2022 13:16
Race Course (chop bar),13,11/26/2022 13:16,11/26/2022 13:16
AWOSHIE christ Apostolic church,13,11/26/2022 13:16,11/26/2022 13:16
AWOSHIE Onyinase,13,11/26/2022 13:16,11/26/2022 13:16
AWOSHIE ENO F.I.D 12,13,11/26/2022 13:16,11/26/2022 13:16
ODONKOR PIWC f.i d 201,13,11/26/2022 13:16,11/26/2022 13:16
Christ Regeneration Church,13,11/26/2022 13:16,11/26/2022 13:16
christ holy church,13,11/26/2022 13:16,11/26/2022 13:16
Tripple L clothing map id 187,13,11/26/2022 13:16,11/26/2022 13:16
NAMOALE STREET,13,11/26/2022 13:16,11/26/2022 13:16
Apostle Safe Street,13,11/26/2022 13:16,11/26/2022 13:16
Apostle Sarfo Street,13,11/26/2022 13:16,11/26/2022 13:16
Akofio Sowah Drive,13,11/26/2022 13:16,11/26/2022 13:16
Veritas Park,13,11/26/2022 13:16,11/26/2022 13:16
christ regeneration Church F.I. D 108,13,11/26/2022 13:16,11/26/2022 13:16
Peace And Love Street,13,11/26/2022 13:16,11/26/2022 13:16
Mankata Street,13,11/26/2022 13:16,11/26/2022 13:16
Osiadan Street,13,11/26/2022 13:16,11/26/2022 13:16
Apostle Sarto Street,13,11/26/2022 13:16,11/26/2022 13:16
KO KOMPEY,13,11/26/2022 13:16,11/26/2022 13:16
Pentecost University Area,13,11/26/2022 13:16,11/26/2022 13:16
Pentecost University College,13,11/26/2022 13:16,11/26/2022 13:16
Santa chapel street,13,11/26/2022 13:16,11/26/2022 13:16
washing bay,13,11/26/2022 13:16,11/26/2022 13:16
Santa (Kwashiebu) Street,13,11/26/2022 13:16,11/26/2022 13:16
Santa Maria Berima close,13,11/26/2022 13:16,11/26/2022 13:16
Santa Maria Abuya juntion,13,11/26/2022 13:16,11/26/2022 13:16
Drugstore,13,11/26/2022 13:16,11/26/2022 13:16
NIC,13,11/26/2022 13:16,11/26/2022 13:16
Washing Bay Road,13,11/26/2022 13:16,11/26/2022 13:16
Family Friends,13,11/26/2022 13:16,11/26/2022 13:16
Santa Maria DeserethNorth,13,11/26/2022 13:16,11/26/2022 13:16
drug store,13,11/26/2022 13:16,11/26/2022 13:16
SOWUTOUM,13,11/26/2022 13:16,11/26/2022 13:16
Ebenezer Junction( Mota Lane),13,11/26/2022 13:16,11/26/2022 13:16
green lane,13,11/26/2022 13:16,11/26/2022 13:16
Adu Gyemfi Side,13,11/26/2022 13:16,11/26/2022 13:16
Happy Yourself Corner,13,11/26/2022 13:16,11/26/2022 13:16
Abuya Restaurant Junction,13,11/26/2022 13:16,11/26/2022 13:16
Ebenezer Junction,13,11/26/2022 13:16,11/26/2022 13:16
lake volta street,13,11/26/2022 13:16,11/26/2022 13:16
Santa Maria last stop,13,11/26/2022 13:16,11/26/2022 13:16
Osekua,13,11/26/2022 13:16,11/26/2022 13:16
Nii Amposah Street,13,11/26/2022 13:16,11/26/2022 13:16
Nii Sai Street,13,11/26/2022 13:16,11/26/2022 13:16
Nii Adamah Street,13,11/26/2022 13:16,11/26/2022 13:16
SOWUTUOM,13,11/26/2022 13:16,11/26/2022 13:16
POLO JUNCTION,13,11/26/2022 13:16,11/26/2022 13:16
Santa Kwashie Area,13,11/26/2022 13:16,11/26/2022 13:16
Nii Thompson Street,13,11/26/2022 13:16,11/26/2022 13:16
LAST TOP,13,11/26/2022 13:16,11/26/2022 13:16
Nii Thompson Adamah Street,13,11/26/2022 13:16,11/26/2022 13:16
Charles Botchway street,13,11/26/2022 13:16,11/26/2022 13:16
NIC DOWN,13,11/26/2022 13:16,11/26/2022 13:16
chopbar,13,11/26/2022 13:16,11/26/2022 13:16
santa (Kwashiebu) area,13,11/26/2022 13:16,11/26/2022 13:16
blue kiosk- tetteh doi addy street,13,11/26/2022 13:16,11/26/2022 13:16
Top Ridge Street,13,11/26/2022 13:16,11/26/2022 13:16
Nii Amane Street,13,11/26/2022 13:16,11/26/2022 13:16
Santamaria Kwashiebu Area,13,11/26/2022 13:16,11/26/2022 13:16
Santa (Last Stop),13,11/26/2022 13:16,11/26/2022 13:16
NIC NSUMFA,13,11/26/2022 13:16,11/26/2022 13:16
ANYAA LAST STOP,13,11/26/2022 13:16,11/26/2022 13:16
Abuya Area,13,11/26/2022 13:16,11/26/2022 13:16
Abuya Junction (Naa Oode Lane),13,11/26/2022 13:16,11/26/2022 13:16
N/A,13,11/26/2022 13:16,11/26/2022 13:16
Abuya Junction,13,11/26/2022 13:16,11/26/2022 13:16
Auntie Aku,13,11/26/2022 13:16,11/26/2022 13:16
Santa kwashiebu area,13,11/26/2022 13:16,11/26/2022 13:16
Ebenezer Junction(Mota Lane),13,11/26/2022 13:16,11/26/2022 13:16
Ebenezer Junction (Mota Lane),13,11/26/2022 13:16,11/26/2022 13:16
Santa Maria Asiama round about,13,11/26/2022 13:16,11/26/2022 13:16
Santa Maria Asiama chapel street,13,11/26/2022 13:16,11/26/2022 13:16
Auntie Aku station,13,11/26/2022 13:16,11/26/2022 13:16
ADU GYAMFI JUNCTION,13,11/26/2022 13:16,11/26/2022 13:16
Heaven church,13,11/26/2022 13:16,11/26/2022 13:16
Royal City Pub Area,13,11/26/2022 13:16,11/26/2022 13:16
Yankee street,13,11/26/2022 13:16,11/26/2022 13:16
18,13,11/26/2022 13:16,11/26/2022 13:16
CHOP BAR-SOWUTUOM,13,11/26/2022 13:16,11/26/2022 13:16
Market Area,13,11/26/2022 13:16,11/26/2022 13:16
Pentecost area,13,11/26/2022 13:16,11/26/2022 13:16
Adu Gyemfi Down,13,11/26/2022 13:16,11/26/2022 13:16
VRA,13,11/26/2022 13:16,11/26/2022 13:16
HEAVEN CHURCH AREA,13,11/26/2022 13:16,11/26/2022 13:16
caries,13,11/26/2022 13:16,11/26/2022 13:16
AGBEVE,13,11/26/2022 13:16,11/26/2022 13:16
AWOSHIE,13,11/26/2022 13:16,11/26/2022 13:16
last stop,13,11/26/2022 13:16,11/26/2022 13:16
Kwahiebu,13,11/26/2022 13:16,11/26/2022 13:16
Apatase,13,11/26/2022 13:16,11/26/2022 13:16
Apatasi,13,11/26/2022 13:16,11/26/2022 13:16
Peace and Love,13,11/26/2022 13:16,11/26/2022 13:16
Royal Dede,13,11/26/2022 13:16,11/26/2022 13:16
CP,13,11/26/2022 13:16,11/26/2022 13:16
Recourse Jedu junction,13,11/26/2022 13:16,11/26/2022 13:16
Anorhumah (Tabora 3&4),13,11/26/2022 13:16,11/26/2022 13:16
Race course Jedu junction,13,11/26/2022 13:16,11/26/2022 13:16
TABORA NUMBER 5,13,11/26/2022 13:16,11/26/2022 13:16
Tabora No 6,13,11/26/2022 13:16,11/26/2022 13:16
Tabora No 5,13,11/26/2022 13:16,11/26/2022 13:16
Racecourse (Gold Street),13,11/26/2022 13:16,11/26/2022 13:16
Racecourse (Freedom Street),13,11/26/2022 13:16,11/26/2022 13:16
finger of God bekery map ID 79,13,11/26/2022 13:16,11/26/2022 13:16
ROMAN HILL,13,11/26/2022 13:16,11/26/2022 13:16
TABORA JUNCTION,13,11/26/2022 13:16,11/26/2022 13:16
Tabora,13,11/26/2022 13:16,11/26/2022 13:16
Tabora Asoredanho,13,11/26/2022 13:16,11/26/2022 13:16
Racecourse (Manpong Okai Street),13,11/26/2022 13:16,11/26/2022 13:16
Racecourse (Atta junction),13,11/26/2022 13:16,11/26/2022 13:16
Racecourse (Silver Street),13,11/26/2022 13:16,11/26/2022 13:16
Taborah no.6 Down (Silver street),13,11/26/2022 13:16,11/26/2022 13:16
Racecourse (Atta Junction) Adode Akaibe Street,13,11/26/2022 13:16,11/26/2022 13:16
Racecourse (Atta junction)Adobe Akaibe,13,11/26/2022 13:16,11/26/2022 13:16
Taborah no. 6 down,13,11/26/2022 13:16,11/26/2022 13:16
Racecourse Gold street,13,11/26/2022 13:16,11/26/2022 13:16
Racecourse (Atta junction ) Adobe Akaibe street,13,11/26/2022 13:16,11/26/2022 13:16
Racecourse/Taborah n. 6 (Freedom street),13,11/26/2022 13:16,11/26/2022 13:16
scorpion,13,11/26/2022 13:16,11/26/2022 13:16
Race course Taxi Rank,13,11/26/2022 13:16,11/26/2022 13:16
YELLOW HOUSE,13,11/26/2022 13:16,11/26/2022 13:16
Masalachi,13,11/26/2022 13:16,11/26/2022 13:16
LOMNAVA ROMAN-HILL,13,11/26/2022 13:16,11/26/2022 13:16
ALHAJI,13,11/26/2022 13:16,11/26/2022 13:16
SOWUTUOM Heavenly Church,13,11/26/2022 13:16,11/26/2022 13:16
MAMBO,13,11/26/2022 13:16,11/26/2022 13:16
LOMNAVA,13,11/26/2022 13:16,11/26/2022 13:16
NUMBER 6,13,11/26/2022 13:16,11/26/2022 13:16
Race course rasta junction,13,11/26/2022 13:16,11/26/2022 13:16
Taborah Junction,13,11/26/2022 13:16,11/26/2022 13:16
Taborah Junction (Super Star Close),13,11/26/2022 13:16,11/26/2022 13:16
TABORA ANKOFA DOWN,13,11/26/2022 13:16,11/26/2022 13:16
Race course Rasta Park,13,11/26/2022 13:16,11/26/2022 13:16
TABORA((Alhaji Curve ),13,11/26/2022 13:16,11/26/2022 13:16
CHANTAN,13,11/26/2022 13:16,11/26/2022 13:16
Race course last Stop,13,11/26/2022 13:16,11/26/2022 13:16
Tabora Number 6,13,11/26/2022 13:16,11/26/2022 13:16
Chantal (Nii Ayi Ababio Street),13,11/26/2022 13:16,11/26/2022 13:16
Star Junction,13,11/26/2022 13:16,11/26/2022 13:16
Chantal (Nii Ayi Street,13,11/26/2022 13:16,11/26/2022 13:16
Chantan (Nii Ababio Street ),13,11/26/2022 13:16,11/26/2022 13:16
Water Avenue,13,11/26/2022 13:16,11/26/2022 13:16
ISRAEL,13,11/26/2022 13:16,11/26/2022 13:16
CHANTAN(Tabora #5),13,11/26/2022 13:16,11/26/2022 13:16
Chantan New Market,13,11/26/2022 13:16,11/26/2022 13:16
New Market,13,11/26/2022 13:16,11/26/2022 13:16
Israel Down,13,11/26/2022 13:16,11/26/2022 13:16
CHANTAN SIX TO SIX,13,11/26/2022 13:16,11/26/2022 13:16
six to six,13,11/26/2022 13:16,11/26/2022 13:16
CHANTAN(Tabora#5),13,11/26/2022 13:16,11/26/2022 13:16
LOMNAVA Israel Second Curve,13,11/26/2022 13:16,11/26/2022 13:16
CHANTAN Pentecost,13,11/26/2022 13:16,11/26/2022 13:16
CHANTAN Airport,13,11/26/2022 13:16,11/26/2022 13:16
CHANTAN Bafana,13,11/26/2022 13:16,11/26/2022 13:16
fishpond,13,11/26/2022 13:16,11/26/2022 13:16
OMANJOR(VRA),13,11/26/2022 13:16,11/26/2022 13:16
Cosmos School Area,13,11/26/2022 13:16,11/26/2022 13:16
Soldier Man Six To Six,13,11/26/2022 13:16,11/26/2022 13:16
Comos School Area,13,11/26/2022 13:16,11/26/2022 13:16
Soldiers Man Street Six To Six,13,11/26/2022 13:16,11/26/2022 13:16
CHANTAN Mohammad Abdullah Street,13,11/26/2022 13:16,11/26/2022 13:16
VRA SECOND BLOCK FACTORY,13,11/26/2022 13:16,11/26/2022 13:16
Soldier Man SixTo Six,13,11/26/2022 13:16,11/26/2022 13:16
CHANTAN Six-six street,13,11/26/2022 13:16,11/26/2022 13:16
Fanmilk Junction,13,11/26/2022 13:16,11/26/2022 13:16
Mambo Junction,13,11/26/2022 13:16,11/26/2022 13:16
RASTA,13,11/26/2022 13:16,11/26/2022 13:16
NII BOI TOWN,13,11/26/2022 13:16,11/26/2022 13:16
Paa Dan,13,11/26/2022 13:16,11/26/2022 13:16
LOMNAVA MENSAH ADDO,13,11/26/2022 13:16,11/26/2022 13:16
SOWUTUOM ROMAN-HILL,13,11/26/2022 13:16,11/26/2022 13:16
LOMNAVA MAMBO,13,11/26/2022 13:16,11/26/2022 13:16
Isreal,13,11/26/2022 13:16,11/26/2022 13:16
ISRAEL FIRST CURVE,13,11/26/2022 13:16,11/26/2022 13:16
ADINKRA STREET map id 49,13,11/26/2022 13:16,11/26/2022 13:16
SHILOH SDA CHURCH map id 22,13,11/26/2022 13:16,11/26/2022 13:16
Tac. gh glorious Assembly,13,11/26/2022 13:16,11/26/2022 13:16
NEW TESTAMENT ASSEMBLY Nii Okaiman map id 30,13,11/26/2022 13:16,11/26/2022 13:16
TABORA NO. 5,13,11/26/2022 13:16,11/26/2022 13:16
KYEIWAA JUNCTION,13,11/26/2022 13:16,11/26/2022 13:16
Puc,13,11/26/2022 13:16,11/26/2022 13:16
FIRST CURVE,13,11/26/2022 13:16,11/26/2022 13:16
Roman Hills,13,11/26/2022 13:16,11/26/2022 13:16
TABORA NO. 4,13,11/26/2022 13:16,11/26/2022 13:16
LOMNAVA wele junction,13,11/26/2022 13:16,11/26/2022 13:16
TABORA NO. 3,13,11/26/2022 13:16,11/26/2022 13:16
TABORA NO 3,13,11/26/2022 13:16,11/26/2022 13:16
Block factory,13,11/26/2022 13:16,11/26/2022 13:16
LOMNAVA Second Curve,13,11/26/2022 13:16,11/26/2022 13:16
7 days,13,11/26/2022 13:16,11/26/2022 13:16
OLEBU,13,11/26/2022 13:16,11/26/2022 13:16
MAP ID 13,13,11/26/2022 13:16,11/26/2022 13:16
NSUFA,13,11/26/2022 13:16,11/26/2022 13:16
Drug store St,13,11/26/2022 13:16,11/26/2022 13:16
DRUG STORE STREET,13,11/26/2022 13:16,11/26/2022 13:16
ANYAA PALAS TOWN,13,11/26/2022 13:16,11/26/2022 13:16
TAGBOR ST,13,11/26/2022 13:16,11/26/2022 13:16
Agape top,13,11/26/2022 13:16,11/26/2022 13:16
LOBATA CL,13,11/26/2022 13:16,11/26/2022 13:16
Agooji,13,11/26/2022 13:16,11/26/2022 13:16
Old Paa Dan,13,11/26/2022 13:16,11/26/2022 13:16
Blue Kate,13,11/26/2022 13:16,11/26/2022 13:16
map id 20,13,11/26/2022 13:16,11/26/2022 13:16
University Gate,13,11/26/2022 13:16,11/26/2022 13:16
COMMANDO ST.,13,11/26/2022 13:16,11/26/2022 13:16
Blue Gate,13,11/26/2022 13:16,11/26/2022 13:16
Ayelele Obonse street,13,11/26/2022 13:16,11/26/2022 13:16
MASLACHI street,13,11/26/2022 13:16,11/26/2022 13:16
PALAS TOWN-ANYAA,13,11/26/2022 13:16,11/26/2022 13:16
KESSEY street,13,11/26/2022 13:16,11/26/2022 13:16
AFARI CL,13,11/26/2022 13:16,11/26/2022 13:16
Heavenly Church,13,11/26/2022 13:16,11/26/2022 13:16
SOWUTUOM APARCHE,13,11/26/2022 13:16,11/26/2022 13:16
Mawulolo,13,11/26/2022 13:16,11/26/2022 13:16
Adu Gyamfi,13,11/26/2022 13:16,11/26/2022 13:16
ANYAA(MARKET),13,11/26/2022 13:16,11/26/2022 13:16
ANYAA VILLAGE,13,11/26/2022 13:16,11/26/2022 13:16
SOMO street,13,11/26/2022 13:16,11/26/2022 13:16
AMPAH ST,13,11/26/2022 13:16,11/26/2022 13:16
Atlas,13,11/26/2022 13:16,11/26/2022 13:16
Anyaa Osekua,13,11/26/2022 13:16,11/26/2022 13:16
Anyaa Market,13,11/26/2022 13:16,11/26/2022 13:16
Nii Bortey,13,11/26/2022 13:16,11/26/2022 13:16
AYIGBE-TOWN,13,11/26/2022 13:16,11/26/2022 13:16
Anyaa Osikua,13,11/26/2022 13:16,11/26/2022 13:16
DEEPER LIFE,13,11/26/2022 13:16,11/26/2022 13:16
ANYAA PALACE TOWN,13,11/26/2022 13:16,11/26/2022 13:16
ANYAA CP,13,11/26/2022 13:16,11/26/2022 13:16
Osekua Junction,13,11/26/2022 13:16,11/26/2022 13:16
ANYAA(LAST STOP),13,11/26/2022 13:16,11/26/2022 13:16
One Stone,13,11/26/2022 13:16,11/26/2022 13:16
The Church of Pentecost Anyaa,13,11/26/2022 13:16,11/26/2022 13:16
TOTAL FILLING STATION,13,11/26/2022 13:16,11/26/2022 13:16
GLEE OIL FID 101,13,11/26/2022 13:16,11/26/2022 13:16
ECEG SHILO,13,11/26/2022 13:16,11/26/2022 13:16
Ridge Top,13,11/26/2022 13:16,11/26/2022 13:16
Angele street,13,11/26/2022 13:16,11/26/2022 13:16
LINKUP PUB,13,11/26/2022 13:16,11/26/2022 13:16
New Store,13,11/26/2022 13:16,11/26/2022 13:16
Ridge Top Junction,13,11/26/2022 13:16,11/26/2022 13:16
OLEBU JUNCTION,13,11/26/2022 13:16,11/26/2022 13:16
Ridge Junction,13,11/26/2022 13:16,11/26/2022 13:16
Roman,13,11/26/2022 13:16,11/26/2022 13:16
NIC Down- Kingdom Hall Area,13,11/26/2022 13:16,11/26/2022 13:16
NIC Top,13,11/26/2022 13:16,11/26/2022 13:16
COMMISSION FAMILY CHAPEL map id 192,13,11/26/2022 13:16,11/26/2022 13:16
Abgajena,13,11/26/2022 13:16,11/26/2022 13:16
Awoshie Last Stop,13,11/26/2022 13:16,11/26/2022 13:16
Awoshie Last,13,11/26/2022 13:16,11/26/2022 13:16
Prestige Hotel Area,13,11/26/2022 13:16,11/26/2022 13:16
Awotse,13,11/26/2022 13:16,11/26/2022 13:16
Prestige,13,11/26/2022 13:16,11/26/2022 13:16
P and T,13,11/26/2022 13:16,11/26/2022 13:16
konkonpe,13,11/26/2022 13:16,11/26/2022 13:16
Mary Lucy,13,11/26/2022 13:16,11/26/2022 13:16
Fanmilk,13,11/26/2022 13:16,11/26/2022 13:16
M & D Prestige Hotel Area,13,11/26/2022 13:16,11/26/2022 13:16
Kokonpe Park Area,13,11/26/2022 13:16,11/26/2022 13:16
VICOLIS,13,11/26/2022 13:16,11/26/2022 13:16
PENTECOST JUNCTION,13,11/26/2022 13:16,11/26/2022 13:16
The word revival healing church map id:117,13,11/26/2022 13:16,11/26/2022 13:16
borkorborkor,13,11/26/2022 13:16,11/26/2022 13:16
Vicolis Street (Olebu Down),13,11/26/2022 13:16,11/26/2022 13:16
Nii Borty,13,11/26/2022 13:16,11/26/2022 13:16
Olebu Down,13,11/26/2022 13:16,11/26/2022 13:16
Pure Fire,13,11/26/2022 13:16,11/26/2022 13:16
OLEBU ZAMZAM,13,11/26/2022 13:16,11/26/2022 13:16
NTIAMOAH GAS,13,11/26/2022 13:16,11/26/2022 13:16
Police Barrier Area,13,11/26/2022 13:16,11/26/2022 13:16
Police Brige,13,11/26/2022 13:16,11/26/2022 13:16
Agbajena,13,11/26/2022 13:16,11/26/2022 13:16
Commission Family Chapel,13,11/26/2022 13:16,11/26/2022 13:16
DELA JUNCTION,13,11/26/2022 13:16,11/26/2022 13:16
NAGAHRA LANE,13,11/26/2022 13:16,11/26/2022 13:16
ABLEKUMA JUNCTION,13,11/26/2022 13:16,11/26/2022 13:16
uptown,13,11/26/2022 13:16,11/26/2022 13:16
ABLEKUMA NEWTOWN,13,11/26/2022 13:16,11/26/2022 13:16
NEW TOWN,13,11/26/2022 13:16,11/26/2022 13:16
park,13,11/26/2022 13:16,11/26/2022 13:16
ABEASE,13,11/26/2022 13:16,11/26/2022 13:16
ashama st,13,11/26/2022 13:16,11/26/2022 13:16
LAS VEGAS RESCUE POINT,13,11/26/2022 13:16,11/26/2022 13:16
ABLEKUMA ABEASE,13,11/26/2022 13:16,11/26/2022 13:16
ABLEKUMA BLOCK FACTORY,13,11/26/2022 13:16,11/26/2022 13:16
GONSE PARK,13,11/26/2022 13:16,11/26/2022 13:16
FANMILK BLOCK FACTORY -AGAPE,13,11/26/2022 13:16,11/26/2022 13:16
Newtown,13,11/26/2022 13:16,11/26/2022 13:16
Fanmilk VRA,13,11/26/2022 13:16,11/26/2022 13:16
Fanmilk Second yellow,13,11/26/2022 13:16,11/26/2022 13:16
CITY GATE ABEASE,13,11/26/2022 13:16,11/26/2022 13:16
OLEBU FAN MILK,13,11/26/2022 13:16,11/26/2022 13:16
wise way Chapel Int,13,11/26/2022 13:16,11/26/2022 13:16
Agape down,13,11/26/2022 13:16,11/26/2022 13:16
GONSE-AGAPE,13,11/26/2022 13:16,11/26/2022 13:16
FANMILK BLOCK FACTORY,13,11/26/2022 13:16,11/26/2022 13:16
FANMILK -AGAPE,13,11/26/2022 13:16,11/26/2022 13:16
GONSE DAM-SIDE COMMUNITY CLINIC,13,11/26/2022 13:16,11/26/2022 13:16
Agape Container,13,11/26/2022 13:16,11/26/2022 13:16
ABLEKUMA AGAPE,13,11/26/2022 13:16,11/26/2022 13:16
GONSE APOSTOLIC CHURCH GHANA,13,11/26/2022 13:16,11/26/2022 13:16
AGAPE C.P,13,11/26/2022 13:16,11/26/2022 13:16
Agape station,13,11/26/2022 13:16,11/26/2022 13:16
ABLEKUMA- BORKORBORKOR,13,11/26/2022 13:16,11/26/2022 13:16
GONSE PENTECOST CHURCH,13,11/26/2022 13:16,11/26/2022 13:16
GONSE HONERABLE ROAD,13,11/26/2022 13:16,11/26/2022 13:16
Agape Uptown,13,11/26/2022 13:16,11/26/2022 13:16
Papa ye,13,11/26/2022 13:16,11/26/2022 13:16
AGAPE TOWNSHIPS,13,11/26/2022 13:16,11/26/2022 13:16
Papaye,13,11/26/2022 13:16,11/26/2022 13:16
GONSE NTIAMOAH GAS,13,11/26/2022 13:16,11/26/2022 13:16
GBAWE-GONSE BASIC SCHOOL,13,11/26/2022 13:16,11/26/2022 13:16
ABLEKUMA- BLOCK FACTORY,13,11/26/2022 13:16,11/26/2022 13:16
ABLEKUMA CP Joma Road,13,11/26/2022 13:16,11/26/2022 13:16
ABLEKUMA CP,13,11/26/2022 13:16,11/26/2022 13:16
Agape Tarrazo,13,11/26/2022 13:16,11/26/2022 13:16
Agape Masalachi,13,11/26/2022 13:16,11/26/2022 13:16
Agape Tarazzo,13,11/26/2022 13:16,11/26/2022 13:16
ABLEKUMA- BLOCK FACTORY-POINT FIVE,13,11/26/2022 13:16,11/26/2022 13:16
LOMNAVA TOWNSHIP,13,11/26/2022 13:16,11/26/2022 13:16
Agape Junction,13,11/26/2022 13:16,11/26/2022 13:16
Ablekuma CP Joma,13,11/26/2022 13:16,11/26/2022 13:16
DOME,14,11/26/2022 13:16,11/26/2022 13:16
KWABENYA Electoral Area,14,11/26/2022 13:16,11/26/2022 13:16
KWABENYA ELETORAL AREA,14,11/26/2022 13:16,11/26/2022 13:16
DOME EAST,14,11/26/2022 13:16,11/26/2022 13:16
AWOSHIE Christ Embassy FID 4,14,11/26/2022 13:16,11/26/2022 13:16
ABOKOBI,14,11/26/2022 13:16,11/26/2022 13:16
TAIFA CENTRAL,14,11/26/2022 13:16,11/26/2022 13:16
DAAVI,14,11/26/2022 13:16,11/26/2022 13:16
MR. ADJEI,14,11/26/2022 13:16,11/26/2022 13:16
KWABENYA,14,11/26/2022 13:16,11/26/2022 13:16
Dome konka,14,11/26/2022 13:16,11/26/2022 13:16
BOI,14,11/26/2022 13:16,11/26/2022 13:16
Akpormang,14,11/26/2022 13:16,11/26/2022 13:16
Akporman,14,11/26/2022 13:16,11/26/2022 13:16
BORN AGAIN,14,11/26/2022 13:16,11/26/2022 13:16
Abokobi -boi,14,11/26/2022 13:16,11/26/2022 13:16
Agbogba,14,11/26/2022 13:16,11/26/2022 13:16
DOME WEST,14,11/26/2022 13:16,11/26/2022 13:16
Dome new station,14,11/26/2022 13:16,11/26/2022 13:16
AKPOMANG,14,11/26/2022 13:16,11/26/2022 13:16
Konka,14,11/26/2022 13:16,11/26/2022 13:16
PAPAO,14,11/26/2022 13:16,11/26/2022 13:16
KWABENYA POINT ONE,14,11/26/2022 13:16,11/26/2022 13:16
ASHONGMAN ESTATE,14,11/26/2022 13:16,11/26/2022 13:16
Ashongman Estates,14,11/26/2022 13:16,11/26/2022 13:16
ST. JOHN'S / ABC,14,11/26/2022 13:16,11/26/2022 13:16
TAIFA NORTH,14,11/26/2022 13:16,11/26/2022 13:16
HAATSO,14,11/26/2022 13:16,11/26/2022 13:16
ATOMIC DOWN ELECTORAL AREA,14,11/26/2022 13:16,11/26/2022 13:16
MUSUKU ELECTORAL AREA,14,11/26/2022 13:16,11/26/2022 13:16
ATOMIC,14,11/26/2022 13:16,11/26/2022 13:16
ATOMIC stores,14,11/26/2022 13:16,11/26/2022 13:16
NEW ASHONMAN/MUSUKU,14,11/26/2022 13:16,11/26/2022 13:16
Atomic Down,14,11/26/2022 13:16,11/26/2022 13:16
ASHONGMAN ESTATE ELETORAL AREA,14,11/26/2022 13:16,11/26/2022 13:16
ASHONGMANG magoline,14,11/26/2022 13:16,11/26/2022 13:16
ASHONMAN ESTATE,14,11/26/2022 13:16,11/26/2022 13:16
ATOMIC DOWN ELETORAL AREA,14,11/26/2022 13:16,11/26/2022 13:16
N/A,14,11/26/2022 13:16,11/26/2022 13:16
KWABENYA ELECTROL AREA,14,11/26/2022 13:16,11/26/2022 13:16
Kwabanya Electra area,14,11/26/2022 13:16,11/26/2022 13:16
ASHONMAN ESTATE ELECTORAL AREA,14,11/26/2022 13:16,11/26/2022 13:16
TAIFA SOUTH,14,11/26/2022 13:16,11/26/2022 13:16
KWABENYA East,14,11/26/2022 13:16,11/26/2022 13:16
musuku,14,11/26/2022 13:16,11/26/2022 13:16
Musuku Junction,14,11/26/2022 13:16,11/26/2022 13:16
ASHONGMANG,14,11/26/2022 13:16,11/26/2022 13:16
KWABENYA White House,14,11/26/2022 13:16,11/26/2022 13:16
ASHAGMAN ELETORAL AREA,14,11/26/2022 13:16,11/26/2022 13:16
Obaahemaa,14,11/26/2022 13:16,11/26/2022 13:16
Kwabenya Old Town,14,11/26/2022 13:16,11/26/2022 13:16
ROUNDABOUT,14,11/26/2022 13:16,11/26/2022 13:16
PILLAR 2,14,11/26/2022 13:16,11/26/2022 13:16
TEIMAN,14,11/26/2022 13:16,11/26/2022 13:16
AGBOGBA2,14,11/26/2022 13:16,11/26/2022 13:16
DOME ELETORAL AREA,14,11/26/2022 13:16,11/26/2022 13:16
Ashongman Mangolane,14,11/26/2022 13:16,11/26/2022 13:16
ASHONGMANG MANGOLANE,14,11/26/2022 13:16,11/26/2022 13:16
Kwabenya Poly Tank,14,11/26/2022 13:16,11/26/2022 13:16
ATOMIC AGENCY COMMISSION,14,11/26/2022 13:16,11/26/2022 13:16
OLD ASHONGMAN,14,11/26/2022 13:16,11/26/2022 13:16
AYIDIKI DOWN,14,11/26/2022 13:16,11/26/2022 13:16
SESEME,14,11/26/2022 13:16,11/26/2022 13:16
K - BOAT,14,11/26/2022 13:16,11/26/2022 13:16
YAHOMAN,14,11/26/2022 13:16,11/26/2022 13:16
MARKET,14,11/26/2022 13:16,11/26/2022 13:16
ABOKOBI school,14,11/26/2022 13:16,11/26/2022 13:16
Abokobi Boi,14,11/26/2022 13:16,11/26/2022 13:16
Dome Market,14,11/26/2022 13:16,11/26/2022 13:16
ALHAJI,15,11/26/2022 13:16,11/26/2022 13:16
AYAWASO,15,11/26/2022 13:16,11/26/2022 13:16
TANTRA HILL,15,11/26/2022 13:16,11/26/2022 13:16
Fishpond,15,11/26/2022 13:16,11/26/2022 13:16
NEW ACHIMOTA,15,11/26/2022 13:16,11/26/2022 13:16
MILE 7,15,11/26/2022 13:16,11/26/2022 13:16
OFANKOR SOUTH,15,11/26/2022 13:16,11/26/2022 13:16
AMAMOLE,15,11/26/2022 13:16,11/26/2022 13:16
ACP,15,11/26/2022 13:16,11/26/2022 13:16
Taifa Junction,15,11/26/2022 13:16,11/26/2022 13:16
ABENSU QUARTERS,15,11/26/2022 13:16,11/26/2022 13:16
OMANJOR,15,11/26/2022 13:16,11/26/2022 13:16
OFANKOR NORTH,15,11/26/2022 13:16,11/26/2022 13:16
petroleum,15,11/26/2022 13:16,11/26/2022 13:16
FISE,15,11/26/2022 13:16,11/26/2022 13:16
AFIAMAN,15,11/26/2022 13:16,11/26/2022 13:16
AMANFROM,15,11/26/2022 13:16,11/26/2022 13:16
ASOFA,15,11/26/2022 13:16,11/26/2022 13:16
DWENEWOHO,15,11/26/2022 13:16,11/26/2022 13:16
Cananda,15,11/26/2022 13:16,11/26/2022 13:16
JOHN TEYE,15,11/26/2022 13:16,11/26/2022 13:16
MENSAH ADDO,15,11/26/2022 13:16,11/26/2022 13:16
FRANKO ESTATE,15,11/26/2022 13:16,11/26/2022 13:16
OFANKOR HILLS ESTATE,15,11/26/2022 13:16,11/26/2022 13:16
ABEHENEASE,15,11/26/2022 13:16,11/26/2022 13:16
SOWUTUOM VRA,15,11/26/2022 13:16,11/26/2022 13:16
ODUMASE,15,11/26/2022 13:16,11/26/2022 13:16
kingsby,15,11/26/2022 13:16,11/26/2022 13:16
TEACHERKOPE,15,11/26/2022 13:16,11/26/2022 13:16
OFANKOR,15,11/26/2022 13:16,11/26/2022 13:16
POKUASE,15,11/26/2022 13:16,11/26/2022 13:16
Amamorley,15,11/26/2022 13:16,11/26/2022 13:16
OBEYEYIE,15,11/26/2022 13:16,11/26/2022 13:16
Kingsby Roundabout,15,11/26/2022 13:16,11/26/2022 13:16
Canada,15,11/26/2022 13:16,11/26/2022 13:16
TANTRA,15,11/26/2022 13:16,11/26/2022 13:16
ACHIMOTA,15,11/26/2022 13:16,11/26/2022 13:16
FAASE ABESE,15,11/26/2022 13:16,11/26/2022 13:16
Amormoley Dewneho,15,11/26/2022 13:16,11/26/2022 13:16
SOUTH OFANKOR,15,11/26/2022 13:16,11/26/2022 13:16
BARRIER,15,11/26/2022 13:16,11/26/2022 13:16
Golden Door,15,11/26/2022 13:16,11/26/2022 13:16
AMAMOLE canada,15,11/26/2022 13:16,11/26/2022 13:16
DWENEWOHO-OMANJOR,15,11/26/2022 13:16,11/26/2022 13:16
IRON CITY,16,11/26/2022 13:16,11/26/2022 13:16
TOP TOWN-NGLESHIE AMANFRO,16,11/26/2022 13:16,11/26/2022 13:16
OLD BARRIER-NEW EWIJA,16,11/26/2022 13:16,11/26/2022 13:16
NURSES,16,11/26/2022 13:16,11/26/2022 13:16
AMANFRO TOPTOWN,16,11/26/2022 13:16,11/26/2022 13:16
BRIGADE,16,11/26/2022 13:16,11/26/2022 13:16
TUBA KUWAIT-GEDAN TUBA,16,11/26/2022 13:16,11/26/2022 13:16
MANGOASE,16,11/26/2022 13:16,11/26/2022 13:16
AMANFRO,16,11/26/2022 13:16,11/26/2022 13:16
Galilea,16,11/26/2022 13:16,11/26/2022 13:16
ADZIKPAKOPE,16,11/26/2022 13:16,11/26/2022 13:16
Chinese,16,11/26/2022 13:16,11/26/2022 13:16
Kalabule,16,11/26/2022 13:16,11/26/2022 13:16
Amanfro Washing Bay,16,11/26/2022 13:16,11/26/2022 13:16
Top Town,16,11/26/2022 13:16,11/26/2022 13:16
OBOM,16,11/26/2022 13:16,11/26/2022 13:16
KOKROBITE,16,11/26/2022 13:16,11/26/2022 13:16
GALILEA MANHEAM,16,11/26/2022 13:16,11/26/2022 13:16
Galilea-Omega,16,11/26/2022 13:16,11/26/2022 13:16
OMEGA,16,11/26/2022 13:16,11/26/2022 13:16
MANHEAN,16,11/26/2022 13:16,11/26/2022 13:16
MASALATSE,16,11/26/2022 13:16,11/26/2022 13:16
NSUOBRI,16,11/26/2022 13:16,11/26/2022 13:16
OSHIYIE,16,11/26/2022 13:16,11/26/2022 13:16
HONI-OBELIAKUA,16,11/26/2022 13:16,11/26/2022 13:16
Baba Alhassan,16,11/26/2022 13:16,11/26/2022 13:16
KOJOMAN,16,11/26/2022 13:16,11/26/2022 13:16
RED TOP-DUNKONAH,16,11/26/2022 13:16,11/26/2022 13:16
BABIANEHA,16,11/26/2022 13:16,11/26/2022 13:16
ODUMAN-ASUABA,16,11/26/2022 13:16,11/26/2022 13:16
ASHALAJA,16,11/26/2022 13:16,11/26/2022 13:16
KOFI KWEI,16,11/26/2022 13:16,11/26/2022 13:16
JEI KRODUA,16,11/26/2022 13:16,11/26/2022 13:16
LEBENE,16,11/26/2022 13:16,11/26/2022 13:16
Official Town,16,11/26/2022 13:16,11/26/2022 13:16
KONKON,16,11/26/2022 13:16,11/26/2022 13:16
LAMPTY MILLS,16,11/26/2022 13:16,11/26/2022 13:16
Kuwait,16,11/26/2022 13:16,11/26/2022 13:16
AMERICA FARM,16,11/26/2022 13:16,11/26/2022 13:16
DOMIABRA,16,11/26/2022 13:16,11/26/2022 13:16
KYEKYEWERE,16,11/26/2022 13:16,11/26/2022 13:16
Toptown,16,11/26/2022 13:16,11/26/2022 13:16
AKWEIMAN,16,11/26/2022 13:16,11/26/2022 13:16
brigade canal,16,11/26/2022 13:16,11/26/2022 13:16
Mahyiem,16,11/26/2022 13:16,11/26/2022 13:16
ASABAHAM,16,11/26/2022 13:16,11/26/2022 13:16
Old Bortianor,16,11/26/2022 13:16,11/26/2022 13:16
PAANOR,16,11/26/2022 13:16,11/26/2022 13:16
TSOKOME,16,11/26/2022 13:16,11/26/2022 13:16
AMUZU KOPE,16,11/26/2022 13:16,11/26/2022 13:16
KWAKU PANFO,16,11/26/2022 13:16,11/26/2022 13:16
NURSES QUARTERS,16,11/26/2022 13:16,11/26/2022 13:16
AVORNYO KOPE,16,11/26/2022 13:16,11/26/2022 13:16
MILE 11-NEW BORTIANOR,16,11/26/2022 13:16,11/26/2022 13:16
APEDWUIA,16,11/26/2022 13:16,11/26/2022 13:16
LAMTY MILLS,16,11/26/2022 13:16,11/26/2022 13:16
Chines,16,11/26/2022 13:16,11/26/2022 13:16
Official town-Papaye,16,11/26/2022 13:16,11/26/2022 13:16
galilea market,16,11/26/2022 13:16,11/26/2022 13:16
TUBA JUNCTION,16,11/26/2022 13:16,11/26/2022 13:16
tuba_ kokrobitey,16,11/26/2022 13:16,11/26/2022 13:16
AMANFRO Quarters,16,11/26/2022 13:16,11/26/2022 13:16
APEDWA,16,11/26/2022 13:16,11/26/2022 13:16
SEMANSHIA,16,11/26/2022 13:16,11/26/2022 13:16
OKAIDJAMAN,16,11/26/2022 13:16,11/26/2022 13:16
Sampa valley,16,11/26/2022 13:16,11/26/2022 13:16
APLAKU,16,11/26/2022 13:16,11/26/2022 13:16
NEW APLAKU,16,11/26/2022 13:16,11/26/2022 13:16
KONKON NO 1,16,11/26/2022 13:16,11/26/2022 13:16
TUBA,16,11/26/2022 13:16,11/26/2022 13:16
AGBAZO,16,11/26/2022 13:16,11/26/2022 13:16
Top-Town,16,11/26/2022 13:16,11/26/2022 13:16
Ajasco,16,11/26/2022 13:16,11/26/2022 13:16
ASUABA WILSON,16,11/26/2022 13:16,11/26/2022 13:16
KOKROBITEY,16,11/26/2022 13:16,11/26/2022 13:16
GALILEA OMEGA,16,11/26/2022 13:16,11/26/2022 13:16
OBO KWASHIE,16,11/26/2022 13:16,11/26/2022 13:16
HONI-ATSEN NO 1,16,11/26/2022 13:16,11/26/2022 13:16
NEW BORTIANOR,16,11/26/2022 13:16,11/26/2022 13:16
YELLOW CONTAINER,16,11/26/2022 13:16,11/26/2022 13:16
AFADI,16,11/26/2022 13:16,11/26/2022 13:16
TOMEFA,16,11/26/2022 13:16,11/26/2022 13:16
MOUNT ZION,16,11/26/2022 13:16,11/26/2022 13:16
ADAMNANA,16,11/26/2022 13:16,11/26/2022 13:16
JERUSALEM,16,11/26/2022 13:16,11/26/2022 13:16
Official Town -papaye,16,11/26/2022 13:16,11/26/2022 13:16
AKUTUASE VILLAGE,16,11/26/2022 13:16,11/26/2022 13:16
BLOCK FACTORY,16,11/26/2022 13:16,11/26/2022 13:16
DANCHIRA,16,11/26/2022 13:16,11/26/2022 13:16
KROKOHWE,16,11/26/2022 13:16,11/26/2022 13:16
Tsokomey,16,11/26/2022 13:16,11/26/2022 13:16
KWAME ANUM,16,11/26/2022 13:16,11/26/2022 13:16
OBAKROWA,16,11/26/2022 13:16,11/26/2022 13:16
Agudey Area,16,11/26/2022 13:16,11/26/2022 13:16
BORTIANOR,16,11/26/2022 13:16,11/26/2022 13:16
TUBA SCHOOL JUNCTION,16,11/26/2022 13:16,11/26/2022 13:16
BARRIER,16,11/26/2022 13:16,11/26/2022 13:16
Galilea-papaye,16,11/26/2022 13:16,11/26/2022 13:16
Galilea-manheam,16,11/26/2022 13:16,11/26/2022 13:16
Chairman,16,11/26/2022 13:16,11/26/2022 13:16
DOMEABRA(NEW QUARTERS),16,11/26/2022 13:16,11/26/2022 13:16
ADANSEMAN,16,11/26/2022 13:16,11/26/2022 13:16
AMANFROM,16,11/26/2022 13:16,11/26/2022 13:16
S C C,16,11/26/2022 13:16,11/26/2022 13:16
Iron City/ Kuwait,16,11/26/2022 13:16,11/26/2022 13:16
MILE 11,16,11/26/2022 13:16,11/26/2022 13:16
Kalabuley,16,11/26/2022 13:16,11/26/2022 13:16
SCC JUNCTION,16,11/26/2022 13:16,11/26/2022 13:16
ASHALADZA,16,11/26/2022 13:16,11/26/2022 13:16
WEST HILLS,16,11/26/2022 13:16,11/26/2022 13:16
Washing Bay,16,11/26/2022 13:16,11/26/2022 13:16
WEST HILL MALL,16,11/26/2022 13:16,11/26/2022 13:16
AMANFRO TOP TOWN,16,11/26/2022 13:16,11/26/2022 13:16
Adanseman New Bortianor,16,11/26/2022 13:16,11/26/2022 13:16
POLICE FARM,16,11/26/2022 13:16,11/26/2022 13:16
HOBOR,16,11/26/2022 13:16,11/26/2022 13:16
KINGSTOWN,16,11/26/2022 13:16,11/26/2022 13:16
GEDAN TUBA,16,11/26/2022 13:16,11/26/2022 13:16
BROADCASTING TOP-NEW BORTIANOR,16,11/26/2022 13:16,11/26/2022 13:16
Tuba-fullani,16,11/26/2022 13:16,11/26/2022 13:16
OLD BARRIER,16,11/26/2022 13:16,11/26/2022 13:16
Bortianor Hills,16,11/26/2022 13:16,11/26/2022 13:16
AKRAMA-MAN,17,11/26/2022 13:16,11/26/2022 13:16
DOBLO GONNO,17,11/26/2022 13:16,11/26/2022 13:16
ABAMAN,17,11/26/2022 13:16,11/26/2022 13:16
ADZEN KOTOKO,17,11/26/2022 13:16,11/26/2022 13:16
AKOTOSHIE,17,11/26/2022 13:16,11/26/2022 13:16
KWASHIEKUMA,17,11/26/2022 13:16,11/26/2022 13:16
ADZEN KOTOKU,17,11/26/2022 13:16,11/26/2022 13:16
PAPASE,17,11/26/2022 13:16,11/26/2022 13:16
KOTOKU,17,11/26/2022 13:16,11/26/2022 13:16
MEDIE,17,11/26/2022 13:16,11/26/2022 13:16
AKWAKYERE,17,11/26/2022 13:16,11/26/2022 13:16
ACHIAMAN,17,11/26/2022 13:16,11/26/2022 13:16
OSOFOIAMAN,17,11/26/2022 13:16,11/26/2022 13:16
FITRI GONSEE,17,11/26/2022 13:16,11/26/2022 13:16
KORLOEMAN,17,11/26/2022 13:16,11/26/2022 13:16
OTAOMINA,17,11/26/2022 13:16,11/26/2022 13:16
AGBODZI,17,11/26/2022 13:16,11/26/2022 13:16
SATELLITE EARTH STATION,17,11/26/2022 13:16,11/26/2022 13:16
ABLOMAN,17,11/26/2022 13:16,11/26/2022 13:16
MEMPEHOASEM,17,11/26/2022 13:16,11/26/2022 13:16
MACEDONIA,17,11/26/2022 13:16,11/26/2022 13:16
OPAH,17,11/26/2022 13:16,11/26/2022 13:16
ARDEYMAN,17,11/26/2022 13:16,11/26/2022 13:16
FAASEE,17,11/26/2022 13:16,11/26/2022 13:16
Mayera,17,11/26/2022 13:16,11/26/2022 13:16
DONKORMAN,17,11/26/2022 13:16,11/26/2022 13:16
AMASAMAN,17,11/26/2022 13:16,11/26/2022 13:16
KRAMO,17,11/26/2022 13:16,11/26/2022 13:16
CLAMOR,17,11/26/2022 13:16,11/26/2022 13:16
KRAMOR MAAMLI,17,11/26/2022 13:16,11/26/2022 13:16
AWEDA ATORKOPE,17,11/26/2022 13:16,11/26/2022 13:16
ABLORMAN,17,11/26/2022 13:16,11/26/2022 13:16
ONYANSANA,17,11/26/2022 13:16,11/26/2022 13:16
KATAPOR,17,11/26/2022 13:16,11/26/2022 13:16
TOMAN,17,11/26/2022 13:16,11/26/2022 13:16
KUTUNSE,17,11/26/2022 13:16,11/26/2022 13:16
ABOMAN,17,11/26/2022 13:16,11/26/2022 13:16
ABLORMAN STATION,17,11/26/2022 13:16,11/26/2022 13:16
OSHUMAN,17,11/26/2022 13:16,11/26/2022 13:16
OSHIUMAN,17,11/26/2022 13:16,11/26/2022 13:16
DUNYOKOPE,17,11/26/2022 13:16,11/26/2022 13:16
ABROMAH,17,11/26/2022 13:16,11/26/2022 13:16
AYIKAI-DOBLO,17,11/26/2022 13:16,11/26/2022 13:16
DUNYO-KOPE,17,11/26/2022 13:16,11/26/2022 13:16
KUTUNSE A/M PRIMARY,17,11/26/2022 13:16,11/26/2022 13:16
KPOBIKOPE,17,11/26/2022 13:16,11/26/2022 13:16
SHIKPONTELE,17,11/26/2022 13:16,11/26/2022 13:16
TREBA-DUNYO KOPE,17,11/26/2022 13:16,11/26/2022 13:16
Kuntunse,17,11/26/2022 13:16,11/26/2022 13:16
Millennium City,17,11/26/2022 13:16,11/26/2022 13:16
NSAKINA NEW SITE,17,11/26/2022 13:16,11/26/2022 13:16
ADJEN KOTOKU,17,11/26/2022 13:16,11/26/2022 13:16
Damax 2,17,11/26/2022 13:16,11/26/2022 13:16
KP0BIKOPE,17,11/26/2022 13:16,11/26/2022 13:16
Soldier Lane,17,11/26/2022 13:16,11/26/2022 13:16
Damax 2 Estate,17,11/26/2022 13:16,11/26/2022 13:16
NEW OSOFOIAMAN,17,11/26/2022 13:16,11/26/2022 13:16
ADUSA,17,11/26/2022 13:16,11/26/2022 13:16
TREBA SEKUKOPE,17,11/26/2022 13:16,11/26/2022 13:16
TREBA ATTAH KOPE,17,11/26/2022 13:16,11/26/2022 13:16
SAPEIMAN,17,11/26/2022 13:16,11/26/2022 13:16
Treba,17,11/26/2022 13:16,11/26/2022 13:16
FAASE,17,11/26/2022 13:16,11/26/2022 13:16
OKAIMAN,17,11/26/2022 13:16,11/26/2022 13:16
OSONODOMPE,17,11/26/2022 13:16,11/26/2022 13:16
BODUMASE,17,11/26/2022 13:16,11/26/2022 13:16
AMAMOLE,17,11/26/2022 13:16,11/26/2022 13:16
ADUSAH QUARTERS,17,11/26/2022 13:16,11/26/2022 13:16
ODUMASE,17,11/26/2022 13:16,11/26/2022 13:16
DOBLOGONOR,17,11/26/2022 13:16,11/26/2022 13:16
SAMSAM,17,11/26/2022 13:16,11/26/2022 13:16
OKYREKOMFO,17,11/26/2022 13:16,11/26/2022 13:16
OWULAMAN,17,11/26/2022 13:16,11/26/2022 13:16
Kpota,17,11/26/2022 13:16,11/26/2022 13:16
TANTRA HILL,17,11/26/2022 13:16,11/26/2022 13:16
ayikai Doblo,17,11/26/2022 13:16,11/26/2022 13:16
ABENSU QUARTERS,17,11/26/2022 13:16,11/26/2022 13:16
Dwenewoho,17,11/26/2022 13:16,11/26/2022 13:16
Pokuase-Railway,17,11/26/2022 13:16,11/26/2022 13:16
TANTRA,17,11/26/2022 13:16,11/26/2022 13:16
KPOBIMAN,17,11/26/2022 13:16,11/26/2022 13:16
CAPITALKOPE,17,11/26/2022 13:16,11/26/2022 13:16
ASOFA,17,11/26/2022 13:16,11/26/2022 13:16
Hahoman,17,11/26/2022 13:16,11/26/2022 13:16
ALHAJI,17,11/26/2022 13:16,11/26/2022 13:16
OTUAPLE,17,11/26/2022 13:16,11/26/2022 13:16
OKUSHIEBIADE,17,11/26/2022 13:16,11/26/2022 13:16
slaughter house,17,11/26/2022 13:16,11/26/2022 13:16
AYIGBE TOWN,17,11/26/2022 13:16,11/26/2022 13:16
MILE 7,17,11/26/2022 13:16,11/26/2022 13:16
container,17,11/26/2022 13:16,11/26/2022 13:16
NEW ACHIMOTA,17,11/26/2022 13:16,11/26/2022 13:16
AYAWASO,17,11/26/2022 13:16,11/26/2022 13:16
SATELLITE,17,11/26/2022 13:16,11/26/2022 13:16
Satelite,17,11/26/2022 13:16,11/26/2022 13:16
NSAKINA,17,11/26/2022 13:16,11/26/2022 13:16
Abbase,17,11/26/2022 13:16,11/26/2022 13:16
KOJO_ASHONG,17,11/26/2022 13:16,11/26/2022 13:16
AYIGBE-TOWN,17,11/26/2022 13:16,11/26/2022 13:16
OBEYEYIE,17,11/26/2022 13:16,11/26/2022 13:16
Aporkorpe,17,11/26/2022 13:16,11/26/2022 13:16
borkoborko,17,11/26/2022 13:16,11/26/2022 13:16
Aporkope,17,11/26/2022 13:16,11/26/2022 13:16
AKYIATO,17,11/26/2022 13:16,11/26/2022 13:16
MANHEAN,17,11/26/2022 13:16,11/26/2022 13:16
AMASAMAN NEW SITE,17,11/26/2022 13:16,11/26/2022 13:16
shikpantele,17,11/26/2022 13:16,11/26/2022 13:16
OFANKOR,17,11/26/2022 13:16,11/26/2022 13:16
DEDEIMAN,17,11/26/2022 13:16,11/26/2022 13:16
Peace Village,17,11/26/2022 13:16,11/26/2022 13:16
SOWUTUOM,17,11/26/2022 13:16,11/26/2022 13:16
ADJEIMAN,17,11/26/2022 13:16,11/26/2022 13:16
ODUMAN,17,11/26/2022 13:16,11/26/2022 13:16
SARPEIMAN,17,11/26/2022 13:16,11/26/2022 13:16
NSAKINA.,17,11/26/2022 13:16,11/26/2022 13:16
ABEHENEASE,17,11/26/2022 13:16,11/26/2022 13:16
ABEHENASE,17,11/26/2022 13:16,11/26/2022 13:16
ADABRAKA,17,11/26/2022 13:16,11/26/2022 13:16
OPA,17,11/26/2022 13:16,11/26/2022 13:16
OPA DODOO,17,11/26/2022 13:16,11/26/2022 13:16
NTAFRAFA,17,11/26/2022 13:16,11/26/2022 13:16
AGBOM NO.1,17,11/26/2022 13:16,11/26/2022 13:16
MIDIE,17,11/26/2022 13:16,11/26/2022 13:16
AGBON,17,11/26/2022 13:16,11/26/2022 13:16
MPEHUASEM,17,11/26/2022 13:16,11/26/2022 13:16
DOME SAMPAHMAN,17,11/26/2022 13:16,11/26/2022 13:16
OBEYIEYE,17,11/26/2022 13:16,11/26/2022 13:16
AFUAMAN,17,11/26/2022 13:16,11/26/2022 13:16
MANCHIE,17,11/26/2022 13:16,11/26/2022 13:16
KORLEMAN,17,11/26/2022 13:16,11/26/2022 13:16
SAMSAM ODUMASE,17,11/26/2022 13:16,11/26/2022 13:16
SOLDIER LINE,17,11/26/2022 13:16,11/26/2022 13:16
kinkawe,18,11/26/2022 13:16,11/26/2022 13:16
Alata,18,11/26/2022 13:16,11/26/2022 13:16
Adabraka,18,11/26/2022 13:16,11/26/2022 13:16
Odorna,18,11/26/2022 13:16,11/26/2022 13:16
Ringway Estate,18,11/26/2022 13:16,11/26/2022 13:16
Tudu,18,11/26/2022 13:16,11/26/2022 13:16
Doku,18,11/26/2022 13:16,11/26/2022 13:16
Castle,18,11/26/2022 13:16,11/26/2022 13:16
Official Town,18,11/26/2022 13:16,11/26/2022 13:16
Odawna,18,11/26/2022 13:16,11/26/2022 13:16
sahara,18,11/26/2022 13:16,11/26/2022 13:16
Official Street,18,11/26/2022 13:16,11/26/2022 13:16
Odawna sahara park,18,11/26/2022 13:16,11/26/2022 13:16
Odwana,18,11/26/2022 13:16,11/26/2022 13:16
Iran clinic area,18,11/26/2022 13:16,11/26/2022 13:16
FARRAR AVE,18,11/26/2022 13:16,11/26/2022 13:16
OTSOKRIKRI STREET,18,11/26/2022 13:16,11/26/2022 13:16
Manyo plange,18,11/26/2022 13:16,11/26/2022 13:16
Otsokrikra st.,18,11/26/2022 13:16,11/26/2022 13:16
Watson crescent,18,11/26/2022 13:16,11/26/2022 13:16
Watson avenue,18,11/26/2022 13:16,11/26/2022 13:16
Aslum Down,18,11/26/2022 13:16,11/26/2022 13:16
Zimmerman,20,11/26/2022 13:16,11/26/2022 13:16
Royal park,20,11/26/2022 13:16,11/26/2022 13:16
Naomi area,20,11/26/2022 13:16,11/26/2022 13:16
Buade,20,11/26/2022 13:16,11/26/2022 13:16
C5,20,11/26/2022 13:16,11/26/2022 13:16
cold store,20,11/26/2022 13:16,11/26/2022 13:16
Klosai,20,11/26/2022 13:16,11/26/2022 13:16
Naomi,20,11/26/2022 13:16,11/26/2022 13:16
Ravico,20,11/26/2022 13:16,11/26/2022 13:16
FAASHI,20,11/26/2022 13:16,11/26/2022 13:16
SALEM,20,11/26/2022 13:16,11/26/2022 13:16
Basket,20,11/26/2022 13:16,11/26/2022 13:16
OYARIFA,22,11/26/2022 13:16,11/26/2022 13:16
TEIMAN,22,11/26/2022 13:16,11/26/2022 13:16
DANFA,22,11/26/2022 13:16,11/26/2022 13:16
Power land,22,11/26/2022 13:16,11/26/2022 13:16
UN,22,11/26/2022 13:16,11/26/2022 13:16
Point 5,22,11/26/2022 13:16,11/26/2022 13:16
Doku,22,11/26/2022 13:16,11/26/2022 13:16
Atima,22,11/26/2022 13:16,11/26/2022 13:16
WEST ADENTA,22,11/26/2022 13:16,11/26/2022 13:16
POINT5,22,11/26/2022 13:16,11/26/2022 13:16
zongo Junction,22,11/26/2022 13:16,11/26/2022 13:16
NII DOKU,22,11/26/2022 13:16,11/26/2022 13:16
melcom area,22,11/26/2022 13:16,11/26/2022 13:16
PANTANG JUNCTION,22,11/26/2022 13:16,11/26/2022 13:16
Adenta new site,22,11/26/2022 13:16,11/26/2022 13:16
pantan junction,22,11/26/2022 13:16,11/26/2022 13:16
Ritz Junction,22,11/26/2022 13:16,11/26/2022 13:16
powerland,22,11/26/2022 13:16,11/26/2022 13:16
RITZ POWER LAND,22,11/26/2022 13:16,11/26/2022 13:16
New Site,22,11/26/2022 13:16,11/26/2022 13:16
Pentecost Area,22,11/26/2022 13:16,11/26/2022 13:16
BABAYARA,22,11/26/2022 13:16,11/26/2022 13:16
okataban,22,11/26/2022 13:16,11/26/2022 13:16
Sakora,22,11/26/2022 13:16,11/26/2022 13:16
Zongo,22,11/26/2022 13:16,11/26/2022 13:16
Adenta West,22,11/26/2022 13:16,11/26/2022 13:16
Estate,22,11/26/2022 13:16,11/26/2022 13:16
madina Estate,22,11/26/2022 13:16,11/26/2022 13:16
Rawling circle,22,11/26/2022 13:16,11/26/2022 13:16
NEW ROAD MARKET,22,11/26/2022 13:16,11/26/2022 13:16
Yellow signboard,22,11/26/2022 13:16,11/26/2022 13:16
Taxi Rank,22,11/26/2022 13:16,11/26/2022 13:16
No.1 School,22,11/26/2022 13:16,11/26/2022 13:16
police station area,22,11/26/2022 13:16,11/26/2022 13:16
NO.111 WestLand Blvd road area,22,11/26/2022 13:16,11/26/2022 13:16
UPS Area,22,11/26/2022 13:16,11/26/2022 13:16
new market area,22,11/26/2022 13:16,11/26/2022 13:16
akosombo junction,22,11/26/2022 13:16,11/26/2022 13:16
Rawlings Circle,22,11/26/2022 13:16,11/26/2022 13:16
NO. 1 School Area,22,11/26/2022 13:16,11/26/2022 13:16
Dela junction area,22,11/26/2022 13:16,11/26/2022 13:16
Atomic junction,22,11/26/2022 13:16,11/26/2022 13:16
Taxi Rank area,22,11/26/2022 13:16,11/26/2022 13:16
Jebrothers,22,11/26/2022 13:16,11/26/2022 13:16
Aglow school area,22,11/26/2022 13:16,11/26/2022 13:16
Abona junction,22,11/26/2022 13:16,11/26/2022 13:16
Sagent Large a street,22,11/26/2022 13:16,11/26/2022 13:16
Doku down,22,11/26/2022 13:16,11/26/2022 13:16
Doku lane,22,11/26/2022 13:16,11/26/2022 13:16
LABONE school area,22,11/26/2022 13:16,11/26/2022 13:16
Arapaje,22,11/26/2022 13:16,11/26/2022 13:16
Market,22,11/26/2022 13:16,11/26/2022 13:16
Jerusalem street,22,11/26/2022 13:16,11/26/2022 13:16
Jerusalem,22,11/26/2022 13:16,11/26/2022 13:16
No 1 School Area,22,11/26/2022 13:16,11/26/2022 13:16
VRA park,22,11/26/2022 13:16,11/26/2022 13:16
SOCIAL WELFARE,22,11/26/2022 13:16,11/26/2022 13:16
Old St Peters,22,11/26/2022 13:16,11/26/2022 13:16
Action school area,22,11/26/2022 13:16,11/26/2022 13:16
Number 3 school area,22,11/26/2022 13:16,11/26/2022 13:16
Angelic Church Area,22,11/26/2022 13:16,11/26/2022 13:16
NORTH LEGON,22,11/26/2022 13:16,11/26/2022 13:16
kiravis,22,11/26/2022 13:16,11/26/2022 13:16
New Road,22,11/26/2022 13:16,11/26/2022 13:16
Malcolm Area,22,11/26/2022 13:16,11/26/2022 13:16
Masec area,22,11/26/2022 13:16,11/26/2022 13:16
near Oxford school,22,11/26/2022 13:16,11/26/2022 13:16
Brodease,22,11/26/2022 13:16,11/26/2022 13:16
Newroad,22,11/26/2022 13:16,11/26/2022 13:16
Mayehot,22,11/26/2022 13:16,11/26/2022 13:16
PRESEC Madina,22,11/26/2022 13:16,11/26/2022 13:16
MADINA WEST,22,11/26/2022 13:16,11/26/2022 13:16
Tatana,22,11/26/2022 13:16,11/26/2022 13:16
Fire Amour,22,11/26/2022 13:16,11/26/2022 13:16
Hannah school area,22,11/26/2022 13:16,11/26/2022 13:16
Presbyterian church area,22,11/26/2022 13:16,11/26/2022 13:16
MADINA WEST(ZONGO),22,11/26/2022 13:16,11/26/2022 13:16
upsa,22,11/26/2022 13:16,11/26/2022 13:16
FIRE STONE,22,11/26/2022 13:16,11/26/2022 13:16
Ritz,22,11/26/2022 13:16,11/26/2022 13:16
Ritz Area,22,11/26/2022 13:16,11/26/2022 13:16
New market,22,11/26/2022 13:16,11/26/2022 13:16
Ghana flag,22,11/26/2022 13:16,11/26/2022 13:16
PANTANG- koutam,22,11/26/2022 13:16,11/26/2022 13:16
dela junction,22,11/26/2022 13:16,11/26/2022 13:16
transformer area,22,11/26/2022 13:16,11/26/2022 13:16
P&T,22,11/26/2022 13:16,11/26/2022 13:16
transformer,22,11/26/2022 13:16,11/26/2022 13:16
PnT,22,11/26/2022 13:16,11/26/2022 13:16
madina ZONGO,22,11/26/2022 13:16,11/26/2022 13:16
madina power land,22,11/26/2022 13:16,11/26/2022 13:16
madina pnt,22,11/26/2022 13:16,11/26/2022 13:16
PANTANG,22,11/26/2022 13:16,11/26/2022 13:16
DAR- SALAM,22,11/26/2022 13:16,11/26/2022 13:16
New-Site,22,11/26/2022 13:16,11/26/2022 13:16
Otinibi,22,11/26/2022 13:16,11/26/2022 13:16
Otinbi,22,11/26/2022 13:16,11/26/2022 13:16
ADENTA SDA Area,22,11/26/2022 13:16,11/26/2022 13:16
S D A,22,11/26/2022 13:16,11/26/2022 13:16
KWEIMAN,22,11/26/2022 13:16,11/26/2022 13:16
AYI MENSAH,22,11/26/2022 13:16,11/26/2022 13:16
Ayimensah,22,11/26/2022 13:16,11/26/2022 13:16
Ampomah Last stop,22,11/26/2022 13:16,11/26/2022 13:16
AMPOMAH VILLAGE,22,11/26/2022 13:16,11/26/2022 13:16
Redco,22,11/26/2022 13:16,11/26/2022 13:16
NII DJOR,23,11/26/2022 13:16,11/26/2022 13:16
FIRST JUNCTION,23,11/26/2022 13:16,11/26/2022 13:16
LYNCON,23,11/26/2022 13:16,11/26/2022 13:16
OKPOI GONNO,23,11/26/2022 13:16,11/26/2022 13:16
FERTILISER,23,11/26/2022 13:16,11/26/2022 13:16
ROMAN,23,11/26/2022 13:16,11/26/2022 13:16
Coco beach,23,11/26/2022 13:16,11/26/2022 13:16
MANNA,23,11/26/2022 13:16,11/26/2022 13:16
MALIK,23,11/26/2022 13:16,11/26/2022 13:16
ADJORMA,23,11/26/2022 13:16,11/26/2022 13:16
Sea lady,23,11/26/2022 13:16,11/26/2022 13:16
old manna,23,11/26/2022 13:16,11/26/2022 13:16
ADJORMA ROUNDABOUT,23,11/26/2022 13:16,11/26/2022 13:16
BAATSONAA,23,11/26/2022 13:16,11/26/2022 13:16
Demo,23,11/26/2022 13:16,11/26/2022 13:16
ALLOWAY,23,11/26/2022 13:16,11/26/2022 13:16
LASCALA,23,11/26/2022 13:16,11/26/2022 13:16
NUNGUA,23,11/26/2022 13:16,11/26/2022 13:16
RASTA,23,11/26/2022 13:16,11/26/2022 13:16
ANUMANTU,23,11/26/2022 13:16,11/26/2022 13:16
Akutoobu,23,11/26/2022 13:16,11/26/2022 13:16
Manornyikpo,23,11/26/2022 13:16,11/26/2022 13:16
Fertilizer,23,11/26/2022 13:16,11/26/2022 13:16
TESHIE ESTATE,23,11/26/2022 13:16,11/26/2022 13:16
Adoemli,23,11/26/2022 13:16,11/26/2022 13:16
NII LAWEH,23,11/26/2022 13:16,11/26/2022 13:16
My Brother,23,11/26/2022 13:16,11/26/2022 13:16
NII JORN TESHIE,23,11/26/2022 13:16,11/26/2022 13:16
odekoman,23,11/26/2022 13:16,11/26/2022 13:16
ZONGO,23,11/26/2022 13:16,11/26/2022 13:16
C5,23,11/26/2022 13:16,11/26/2022 13:16
CENTURY,23,11/26/2022 13:16,11/26/2022 13:16
century road,23,11/26/2022 13:16,11/26/2022 13:16
Mami,23,11/26/2022 13:16,11/26/2022 13:16
Ravico,23,11/26/2022 13:16,11/26/2022 13:16
TEBIBIANO,23,11/26/2022 13:16,11/26/2022 13:16
Sangoona,23,11/26/2022 13:16,11/26/2022 13:16
green court,23,11/26/2022 13:16,11/26/2022 13:16
ESTATE,23,11/26/2022 13:16,11/26/2022 13:16
Camp 2,23,11/26/2022 13:16,11/26/2022 13:16
AGBLEZAA,23,11/26/2022 13:16,11/26/2022 13:16
AGBLEZA,23,11/26/2022 13:16,11/26/2022 13:16
brigade,23,11/26/2022 13:16,11/26/2022 13:16
ASSESEWA,23,11/26/2022 13:16,11/26/2022 13:16
GREDA ESTATE,23,11/26/2022 13:16,11/26/2022 13:16
TESHIE NDC,23,11/26/2022 13:16,11/26/2022 13:16
Mr Ofori,23,11/26/2022 13:16,11/26/2022 13:16
BETHEL PRESBYTERIAN AREA,23,11/26/2022 13:16,11/26/2022 13:16
TSUIBLEOO,23,11/26/2022 13:16,11/26/2022 13:16
Yomo spects,23,11/26/2022 13:16,11/26/2022 13:16
Aboma,23,11/26/2022 13:16,11/26/2022 13:16
Mensah Sabbah,23,11/26/2022 13:16,11/26/2022 13:16
MANNET,23,11/26/2022 13:16,11/26/2022 13:16
TSUIBLEOO LAST STOP,23,11/26/2022 13:16,11/26/2022 13:16
Lincoln,23,11/26/2022 13:16,11/26/2022 13:16
Laskala,23,11/26/2022 13:16,11/26/2022 13:16
Mungy park,23,11/26/2022 13:16,11/26/2022 13:16
Krobo 1,23,11/26/2022 13:16,11/26/2022 13:16
Cold Store,23,11/26/2022 13:16,11/26/2022 13:16
Krobo1,23,11/26/2022 13:16,11/26/2022 13:16
TSUIBLEOO NORTH,23,11/26/2022 13:16,11/26/2022 13:16
Mobile,23,11/26/2022 13:16,11/26/2022 13:16
Akosombo No3,23,11/26/2022 13:16,11/26/2022 13:16
point 6,23,11/26/2022 13:16,11/26/2022 13:16
Yomospects,23,11/26/2022 13:16,11/26/2022 13:16
TSUIBLEO,23,11/26/2022 13:16,11/26/2022 13:16
SammyAdjei,23,11/26/2022 13:16,11/26/2022 13:16
penny,23,11/26/2022 13:16,11/26/2022 13:16
camp2,23,11/26/2022 13:16,11/26/2022 13:16
New Fadama,25,11/26/2022 13:16,11/26/2022 13:16
ABEKA,25,11/26/2022 13:16,11/26/2022 13:16
fadama,25,11/26/2022 13:16,11/26/2022 13:16
lapaz,25,11/26/2022 13:16,11/26/2022 13:16
MANTS EMAN,25,11/26/2022 13:16,11/26/2022 13:16
Eno mirekua,25,11/26/2022 13:16,11/26/2022 13:16
TESANO,25,11/26/2022 13:16,11/26/2022 13:16
Abofu,25,11/26/2022 13:16,11/26/2022 13:16
Abrantie,25,11/26/2022 13:16,11/26/2022 13:16
NII BOI TOWN,25,11/26/2022 13:16,11/26/2022 13:16
okaikwei central,25,11/26/2022 13:16,11/26/2022 13:16
Kata,25,11/26/2022 13:16,11/26/2022 13:16
Lapaz Nii Boi,25,11/26/2022 13:16,11/26/2022 13:16
AKWEIMAN,25,11/26/2022 13:16,11/26/2022 13:16
ACHIMOTA,25,11/26/2022 13:16,11/26/2022 13:16
ACHIMOTA ABC,25,11/26/2022 13:16,11/26/2022 13:16
MANTSEMAN,25,11/26/2022 13:16,11/26/2022 13:16
AKWETEMAN,25,11/26/2022 13:16,11/26/2022 13:16
community four,27,11/26/2022 13:16,11/26/2022 13:16
Ashamang,27,11/26/2022 13:16,11/26/2022 13:16
Bankuman,27,11/26/2022 13:16,11/26/2022 13:16
Awudum,27,11/26/2022 13:16,11/26/2022 13:16
U compound/Awudum,27,11/26/2022 13:16,11/26/2022 13:16
community 12,27,11/26/2022 13:16,11/26/2022 13:16
manhean,27,11/26/2022 13:16,11/26/2022 13:16
Awudum/Ucompound,27,11/26/2022 13:16,11/26/2022 13:16
Site 1,27,11/26/2022 13:16,11/26/2022 13:16
Community 16,28,11/26/2022 13:16,11/26/2022 13:16
SIGN BOARD,28,11/26/2022 13:16,11/26/2022 13:16
Community 14,28,11/26/2022 13:16,11/26/2022 13:16
BAATSONAA,28,11/26/2022 13:16,11/26/2022 13:16
Community 3,28,11/26/2022 13:16,11/26/2022 13:16
Coastal,28,11/26/2022 13:16,11/26/2022 13:16
TEXPO MARKET,28,11/26/2022 13:16,11/26/2022 13:16
White House,28,11/26/2022 13:16,11/26/2022 13:16
KOTOBABI No. 2,28,11/26/2022 13:16,11/26/2022 13:16
18 junction,28,11/26/2022 13:16,11/26/2022 13:16
Manet Cottage,28,11/26/2022 13:16,11/26/2022 13:16
Community 17,28,11/26/2022 13:16,11/26/2022 13:16
shell batsona,28,11/26/2022 13:16,11/26/2022 13:16
Community 18 Junction,28,11/26/2022 13:16,11/26/2022 13:16
BAATSONA,28,11/26/2022 13:16,11/26/2022 13:16
TEXPO,28,11/26/2022 13:16,11/26/2022 13:16
Telco yard,28,11/26/2022 13:16,11/26/2022 13:16
Adjei Kojo Trotro Station,28,11/26/2022 13:16,11/26/2022 13:16
Young Men,28,11/26/2022 13:16,11/26/2022 13:16
Cambodia,28,11/26/2022 13:16,11/26/2022 13:16
SAKUMONO,28,11/26/2022 13:16,11/26/2022 13:16
Estate Junction,28,11/26/2022 13:16,11/26/2022 13:16
community 14 annex,28,11/26/2022 13:16,11/26/2022 13:16
SIGN BOARD AREA,28,11/26/2022 13:16,11/26/2022 13:16
timber market,28,11/26/2022 13:16,11/26/2022 13:16
FM Area,28,11/26/2022 13:16,11/26/2022 13:16
Community 18 Roundabout,28,11/26/2022 13:16,11/26/2022 13:16
community 2,28,11/26/2022 13:16,11/26/2022 13:16
community 14,28,11/26/2022 13:16,11/26/2022 13:16
Community 17,28,11/26/2022 13:16,11/26/2022 13:16
Sakumono estate,28,11/26/2022 13:16,11/26/2022 13:16
community 13,28,11/26/2022 13:16,11/26/2022 13:16
Along Community 18 Road,28,11/26/2022 13:16,11/26/2022 13:16
Seventeen Junction Area,28,11/26/2022 13:16,11/26/2022 13:16
Community 16,28,11/26/2022 13:16,11/26/2022 13:16
Signboard,28,11/26/2022 13:16,11/26/2022 13:16
Community 17 Adinkra ST,28,11/26/2022 13:16,11/26/2022 13:16
community 14 NDC,28,11/26/2022 13:16,11/26/2022 13:16
MPs FLAT,28,11/26/2022 13:16,11/26/2022 13:16
UNDER BRIDGE,28,11/26/2022 13:16,11/26/2022 13:16
KOTOBABI,28,11/26/2022 13:16,11/26/2022 13:16
MAMA JUNCTION,28,11/26/2022 13:16,11/26/2022 13:16
ADJEI-KOJO,28,11/26/2022 13:16,11/26/2022 13:16
SCHOOL JUNCTION AREA,28,11/26/2022 13:16,11/26/2022 13:16
SCHOOL FOR THE DEATH,28,11/26/2022 13:16,11/26/2022 13:16
JUBAIL HOSPITAL AREA,28,11/26/2022 13:16,11/26/2022 13:16
SCHOOL FOR THE DEAF,28,11/26/2022 13:16,11/26/2022 13:16
CURVE UNDERBRIDGE,28,11/26/2022 13:16,11/26/2022 13:16
SHALOM SPOT,28,11/26/2022 13:16,11/26/2022 13:16
TAXI STATION AREA,28,11/26/2022 13:16,11/26/2022 13:16
SHALOM SPOT AREA,28,11/26/2022 13:16,11/26/2022 13:16
SUNCITY,28,11/26/2022 13:16,11/26/2022 13:16
STAR OIL AREA,28,11/26/2022 13:16,11/26/2022 13:16
NIGHT MARKET,28,11/26/2022 13:16,11/26/2022 13:16
Taxi Rank,28,11/26/2022 13:16,11/26/2022 13:16
GOVERNMENT SCHOOL AREA,28,11/26/2022 13:16,11/26/2022 13:16
GBAWE CP,29,11/26/2022 13:16,11/26/2022 13:16
GONSE-AGAPE,29,11/26/2022 13:16,11/26/2022 13:16
GONSE AGAPE,29,11/26/2022 13:16,11/26/2022 13:16
New Gbawe,29,11/26/2022 13:16,11/26/2022 13:16
CP,29,11/26/2022 13:16,11/26/2022 13:16
Agape Gonse,29,11/26/2022 13:16,11/26/2022 13:16
Gbawe,29,11/26/2022 13:16,11/26/2022 13:16
GBAWE- CP,29,11/26/2022 13:16,11/26/2022 13:16
GBAWE ZERO,29,11/26/2022 13:16,11/26/2022 13:16
Gonsee Agape,29,11/26/2022 13:16,11/26/2022 13:16
CP Onyinase,29,11/26/2022 13:16,11/26/2022 13:16
Onyinase,29,11/26/2022 13:16,11/26/2022 13:16
AWOSHIE-ONYINASE,29,11/26/2022 13:16,11/26/2022 13:16
Palace Town,29,11/26/2022 13:16,11/26/2022 13:16
Top Base Gbawe,29,11/26/2022 13:16,11/26/2022 13:16
Onyenasi,29,11/26/2022 13:16,11/26/2022 13:16
AWOSHIE onyinansi,29,11/26/2022 13:16,11/26/2022 13:16
PALAS TOWN-ANYAA,29,11/26/2022 13:16,11/26/2022 13:16
Agape down,29,11/26/2022 13:16,11/26/2022 13:16
TOP BASE-GBAWE,29,11/26/2022 13:16,11/26/2022 13:16
CP- Onyinase,29,11/26/2022 13:16,11/26/2022 13:16
Gonse,29,11/26/2022 13:16,11/26/2022 13:16
tetegu,29,11/26/2022 13:16,11/26/2022 13:16
WEIJA,29,11/26/2022 13:16,11/26/2022 13:16
Weija Away,29,11/26/2022 13:16,11/26/2022 13:16
OLD TETTEGU,29,11/26/2022 13:16,11/26/2022 13:16
Mallam Junction,29,11/26/2022 13:16,11/26/2022 13:16
BARRIER,29,11/26/2022 13:16,11/26/2022 13:16
OLD BARRIER-NEW EWIJA,29,11/26/2022 13:16,11/26/2022 13:16
weija Newtown,29,11/26/2022 13:16,11/26/2022 13:16
JOMA,29,11/26/2022 13:16,11/26/2022 13:16
MALLAM,29,11/26/2022 13:16,11/26/2022 13:16
DJAMAN,29,11/26/2022 13:16,11/26/2022 13:16
GBAWE CPP,29,11/26/2022 13:16,11/26/2022 13:16
AYIGBE-TOWN,29,11/26/2022 13:16,11/26/2022 13:16
WIABOMAN,29,11/26/2022 13:16,11/26/2022 13:16
UPPER WEIJA,29,11/26/2022 13:16,11/26/2022 13:16
McCarthy,29,11/26/2022 13:16,11/26/2022 13:16
weija township,29,11/26/2022 13:16,11/26/2022 13:16
OBLOGO,29,11/26/2022 13:16,11/26/2022 13:16
McCarthy Hill,29,11/26/2022 13:16,11/26/2022 13:16
weija Newton,29,11/26/2022 13:16,11/26/2022 13:16
BORTIANOR,29,11/26/2022 13:16,11/26/2022 13:16
new Oblogo,29,11/26/2022 13:16,11/26/2022 13:16
OLD STATION-NEW WEIJA,29,11/26/2022 13:16,11/26/2022 13:16
weija new town,29,11/26/2022 13:16,11/26/2022 13:16
MENDSKROM,29,11/26/2022 13:16,11/26/2022 13:16
NEW TOWN,29,11/26/2022 13:16,11/26/2022 13:16
weija market,29,11/26/2022 13:16,11/26/2022 13:16
AYIGBE TOWN,29,11/26/2022 13:16,11/26/2022 13:16
Agape,29,11/26/2022 13:16,11/26/2022 13:16
0ld barrier,29,11/26/2022 13:16,11/26/2022 13:16
SCC,29,11/26/2022 13:16,11/26/2022 13:16
OBLOGO Mancheter,29,11/26/2022 13:16,11/26/2022 13:16
Block factory,29,11/26/2022 13:16,11/26/2022 13:16
ayibge town,29,11/26/2022 13:16,11/26/2022 13:16
SCC INSIDE-NEW WEIJA,29,11/26/2022 13:16,11/26/2022 13:16
NEW TETTEGU,29,11/26/2022 13:16,11/26/2022 13:16
Djama junction,29,11/26/2022 13:16,11/26/2022 13:16
OLD BARRIER,29,11/26/2022 13:16,11/26/2022 13:16
OBLOGO Methodist,29,11/26/2022 13:16,11/26/2022 13:16
weija zongo,29,11/26/2022 13:16,11/26/2022 13:16
WEIJA-ZONGO,29,11/26/2022 13:16,11/26/2022 13:16
Oldtetegu,29,11/26/2022 13:16,11/26/2022 13:16
ADAKOPE LUTA,29,11/26/2022 13:16,11/26/2022 13:16
jamin,29,11/26/2022 13:16,11/26/2022 13:16
shoprite,29,11/26/2022 13:16,11/26/2022 13:16
NEW WEIJA,29,11/26/2022 13:16,11/26/2022 13:16
AZUMA LAS STOP-NEW WEIJA,29,11/26/2022 13:16,11/26/2022 13:16
_Gbawe,29,11/26/2022 13:16,11/26/2022 13:16
McCarthy down,29,11/26/2022 13:16,11/26/2022 13:16
Ash bread old barrier,29,11/26/2022 13:16,11/26/2022 13:16
Djanman,29,11/26/2022 13:16,11/26/2022 13:16
Gbawe Top Base,29,11/26/2022 13:16,11/26/2022 13:16
Gbawe-Zero,29,11/26/2022 13:16,11/26/2022 13:16
C.p,29,11/26/2022 13:16,11/26/2022 13:16
Jayee,29,11/26/2022 13:16,11/26/2022 13:16
MALLAM Kokroko,29,11/26/2022 13:16,11/26/2022 13:16
wija joma Quarters,29,11/26/2022 13:16,11/26/2022 13:16
gbewe,29,11/26/2022 13:16,11/26/2022 13:16
menskrom,29,11/26/2022 13:16,11/26/2022 13:16
KOKROKO-MALLAM,29,11/26/2022 13:16,11/26/2022 13:16
BULEMI-GBAWE,29,11/26/2022 13:16,11/26/2022 13:16
joma Quarters,29,11/26/2022 13:16,11/26/2022 13:16
Oblogo/Top base,29,11/26/2022 13:16,11/26/2022 13:16
Bulemin,29,11/26/2022 13:16,11/26/2022 13:16
joma quaters,29,11/26/2022 13:16,11/26/2022 13:16
Bulerm,29,11/26/2022 13:16,11/26/2022 13:16
water West quarters,29,11/26/2022 13:16,11/26/2022 13:16
Eyigbe town,29,11/26/2022 13:16,11/26/2022 13:16
choice,29,11/26/2022 13:16,11/26/2022 13:16
Old Tetegu,29,11/26/2022 13:16,11/26/2022 13:16
MANDELA AREA,29,11/26/2022 13:16,11/26/2022 13:16
pambros,29,11/26/2022 13:16,11/26/2022 13:16
weija Mandela,29,11/26/2022 13:16,11/26/2022 13:16
Gospel light,29,11/26/2022 13:16,11/26/2022 13:16
NEW BORTIANOR,29,11/26/2022 13:16,11/26/2022 13:16
BROADCASTING,29,11/26/2022 13:16,11/26/2022 13:16
BROADCASTING TOP-NEW BORTIANOR,29,11/26/2022 13:16,11/26/2022 13:16
BROADCASTING-KORKORDJOR,29,11/26/2022 13:16,11/26/2022 13:16
BROADCASTING Sanicoast,29,11/26/2022 13:16,11/26/2022 13:16
BROADCASTING Sunny coast,29,11/26/2022 13:16,11/26/2022 13:16
sunny coast-NEW WEIJA,29,11/26/2022 13:16,11/26/2022 13:16
Azumah,29,11/26/2022 13:16,11/26/2022 13:16
Scc Inside,29,11/26/2022 13:16,11/26/2022 13:16
Ash Bread,29,11/26/2022 13:16,11/26/2022 13:16
Ash bread down,29,11/26/2022 13:16,11/26/2022 13:16
OLD BARRIER-NEW WEIJA,29,11/26/2022 13:16,11/26/2022 13:16
wiaboma,29,11/26/2022 13:16,11/26/2022 13:16
JOMA Agbozome,29,11/26/2022 13:16,11/26/2022 13:16
MACARTHY HILL,29,11/26/2022 13:16,11/26/2022 13:16
ITS,29,11/26/2022 13:16,11/26/2022 13:16
WEIJA ITS,29,11/26/2022 13:16,11/26/2022 13:16
weiboman,29,11/26/2022 13:16,11/26/2022 13:16
JOMA abgozome,29,11/26/2022 13:16,11/26/2022 13:16
Agbozume,29,11/26/2022 13:16,11/26/2022 13:16
JOMA AGBOZuME,29,11/26/2022 13:16,11/26/2022 13:16
New GBAWE CP,29,11/26/2022 13:16,11/26/2022 13:16
Gbawe C.P,29,11/26/2022 13:16,11/26/2022 13:16
Mallam Borla Road,29,11/26/2022 13:16,11/26/2022 13:16
Mallam Borla Junction,29,11/26/2022 13:16,11/26/2022 13:16
Gbawe TopBase,29,11/26/2022 13:16,11/26/2022 13:16
borla road malam junction,29,11/26/2022 13:16,11/26/2022 13:16
borla road,29,11/26/2022 13:16,11/26/2022 13:16
mallam bolar road,29,11/26/2022 13:16,11/26/2022 13:16
Bulerm Last Stop,29,11/26/2022 13:16,11/26/2022 13:16
Mallam CP,29,11/26/2022 13:16,11/26/2022 13:16
Topbase,29,11/26/2022 13:16,11/26/2022 13:16
Bulemin Last Stop,29,11/26/2022 13:16,11/26/2022 13:16
Tai Top,29,11/26/2022 13:16,11/26/2022 13:16
TA TOP,29,11/26/2022 13:16,11/26/2022 13:16
Sampa,29,11/26/2022 13:16,11/26/2022 13:16
